search_term_used,found_terms,url,title,law_number,date,status,summary,authors,proponent,committees,period,legislature,content_snippet,year,scraped_at
mismo sexo,"['mismo sexo', 'parejas del mismo sexo', 'del mismo sexo']","https://www2.congreso.gob.pe/Sicr/TraDocEstProc/CLProLey2001.nsf/e7414acd4ff8d62b05256cdf006c92bb/331755c5f09580dd05256df9007508f0?OpenDocument&Highlight=0,mismo,sexo",UNIONES CIVILES:ENTRE PAREJAS DEL MISMO SEXO/ESTABLECE...,09317,10/12/2003,En comisión,Propuesta de Ley que establece las uniones civiles entre parejas del mismo sexo.,Moyano Delgado  Martha Lupe,Congreso,Justicia y Derechos Humanos,Periodo de Gobierno 2001- 2006,Primera Legislatura Ordinaria 2003,"2/2003
proponente:congreso
grupo parlamentario:no agrupado
título:uniones civiles:entre parejas del mismo sexo/establece... 
sumilla:  propuesta de ley que establece las uniones civiles entre parejas",2001-2006,2025-09-17T20:04:50.138238
parejas del mismo sexo,"['mismo sexo', 'parejas del mismo sexo', 'del mismo sexo']","https://www2.congreso.gob.pe/Sicr/TraDocEstProc/CLProLey2001.nsf/e7414acd4ff8d62b05256cdf006c92bb/331755c5f09580dd05256df9007508f0?OpenDocument&Highlight=0,parejas,del,mismo,sexo",UNIONES CIVILES:ENTRE PAREJAS DEL MISMO SEXO/ESTABLECE...,09317,10/12/2003,En comisión,Propuesta de Ley que establece las uniones civiles entre parejas del mismo sexo.,Moyano Delgado  Martha Lupe,Congreso,Justicia y Derechos Humanos,Periodo de Gobierno 2001- 2006,Primera Legislatura Ordinaria 2003,"2/2003
proponente:congreso
grupo parlamentario:no agrupado
título:uniones civiles:entre parejas del mismo sexo/establece... 
sumilla:  propuesta de ley que establece las uniones civiles entre parejas",2001-2006,2025-09-17T20:05:17.855878
del mismo sexo,"['mismo sexo', 'parejas del mismo sexo', 'del mismo sexo']","https://www2.congreso.gob.pe/Sicr/TraDocEstProc/CLProLey2001.nsf/e7414acd4ff8d62b05256cdf006c92bb/331755c5f09580dd05256df9007508f0?OpenDocument&Highlight=0,del,mismo,sexo",UNIONES CIVILES:ENTRE PAREJAS DEL MISMO SEXO/ESTABLECE...,09317,10/12/2003,En comisión,Propuesta de Ley que establece las uniones civiles entre parejas del mismo sexo.,Moyano Delgado  Martha Lupe,Congreso,Justicia y Derechos Humanos,Periodo de Gobierno 2001- 2006,Primera Legislatura Ordinaria 2003,"2/2003
proponente:congreso
grupo parlamentario:no agrupado
título:uniones civiles:entre parejas del mismo sexo/establece... 
sumilla:  propuesta de ley que establece las uniones civiles entre parejas",2001-2006,2025-09-17T20:06:35.015822
nombre social,[],"https://www2.congreso.gob.pe/Sicr/TraDocEstProc/CLProLey2001.nsf/e7414acd4ff8d62b05256cdf006c92bb/78c32138bd33fa27052570120079becf?OpenDocument&Highlight=0,nombre,social",DEPORTES:ADMINISTRACIÓN ESTADIOS DEPORTIVOS A MUNICIPALIDADES,13105/2004-CR,30/05/2005,Rechazado de Plano,"Propone la transferencia de instalaciones y administración de los estadios deportivos inscritos en los Registros Públicos a nombre del Instituto Peruano del Deporte, en favor de las municipalidades provinciales.",Gonzales Reinoso  Luis,Congreso,Juventud y Deporte; Gobiernos Locales,Periodo de Gobierno 2001- 2006,Segunda Legislatura Ordinaria 2004,"


seguimiento
>

>







ficha de seguimiento, ""proyecto de ley 13105/2004-cr ""
.
 ver expediente digital  


período:periodo de gobierno 2001- 2006.legislatura:segunda legislatura ordinaria 2004
nú",2001-2006,2025-09-17T20:06:39.230419
nombre social,[],"https://www2.congreso.gob.pe/Sicr/TraDocEstProc/CLProLey2001.nsf/e7414acd4ff8d62b05256cdf006c92bb/605e0f1f480fa5f605256d24007aaae8?OpenDocument&Highlight=0,nombre,social","CÓD.PENAL:209,210,211,212/SANCIÓN A DEUDOR QUE CAUSA PERJUICIO A ACREEDOR",05727,26/02/2003,En comisión,"Propone derogar la Décimoprimera Disposición Final del Decreto Supremo Nº 093-2002-EF, que modificó el texto de los artículos 209º, 210º, 211º y 212º del Código Penal, asimismo, restablece la vigencia de los artículos 209º, 210º, 211º y 212º del mismo Código, referente a penas del deudor, la persona...",Estrada Pérez  Daniel,Congreso,Justicia,Periodo de Gobierno 2001- 2006,Primera Legislatura Ordinaria 2002,"


seguimiento
>

>







ficha de seguimiento, ""proyecto de ley 05727 ""
.
ver documentos de ley relacionados


período:periodo de gobierno 2001- 2006.legislatura:primera legislatura ordinaria 2002
n",2001-2006,2025-09-17T20:06:40.961686
nombre social,[],"https://www2.congreso.gob.pe/Sicr/TraDocEstProc/CLProLey2001.nsf/e7414acd4ff8d62b05256cdf006c92bb/dfff355eac03f88605256d24007a9b72?OpenDocument&Highlight=0,nombre,social","RENIEC:DEROG.37/D.S 015-98-PCM,NIEGA DERECHO A IDENTIDAD",03421,31/07/2002,Publicado El Peruano,"Propone derogar y dejar sin efecto el artículo 37° del Decreto Supremo N° 015-98-CPM, Reglamento de Inscripciones del Registro Nacional de Identificación y Estado Civil, ya que deviene en inconstitucional, por cuanto niega al recién nacido el derecho a su identidad, expresada en el nombre y el apell...",Valdez Melendez  Víctor,Congreso,Mujer y Desarrollo Social,Periodo de Gobierno 2001- 2006,Primera Legislatura Ordinaria 2002,"


seguimiento
>

>







ficha de seguimiento, ""proyecto de ley 03421 ""
.
ver documentos de ley relacionados


período:periodo de gobierno 2001- 2006.legislatura:primera legislatura ordinaria 2002
n",2001-2006,2025-09-17T20:06:42.587888
nombre social,[],"https://www2.congreso.gob.pe/Sicr/TraDocEstProc/CLProLey2001.nsf/e7414acd4ff8d62b05256cdf006c92bb/591a066be73493a105256d24007a9a3a?OpenDocument&Highlight=0,nombre,social",ELECTRICIDAD:ACCIONES DE EMPRESAS ELÉCT.A GOB.REGIONALES,03245,21/06/2002,En comisión,"Propone transferir a favor de los Gobiernos Regionales, en la proporción que corresponda, la totalidad de acciones del Estado que actualmente están a nombre del FONAFE en todas las empresas regionales eléctricas.",Diez Canseco Cisneros  Javier,Congreso,Economía; Energía y Minas,Periodo de Gobierno 2001- 2006,Segunda Legislatura Ordinaria 2001,"


seguimiento
>

>







ficha de seguimiento, ""proyecto de ley 03245 ""
.
 ver expediente digital  


período:periodo de gobierno 2001- 2006.legislatura:segunda legislatura ordinaria 2001
número:032",2001-2006,2025-09-17T20:06:44.320780
nombre social,[],"https://www2.congreso.gob.pe/Sicr/TraDocEstProc/CLProLey2001.nsf/e7414acd4ff8d62b05256cdf006c92bb/1ad07c98bd5759ca05256d24007a988e?OpenDocument&Highlight=0,nombre,social",UNIVERSIDAD:PARTICULAR DE CIENCIAS Y TECNOLOGÍA DE ICA,03010,28/05/2002,Publicado El Peruano,"Propone derogar la Ley N° 26274, Ley que crea la Universidad Particular de Ciencias y Tecnología -UPACITEC- de Ica.",Ramos Loayza  Pedro,Congreso,Educación Ciencia y Tecnología,Periodo de Gobierno 2001- 2006,Segunda Legislatura Ordinaria 2001,"


seguimiento
>

>







ficha de seguimiento, ""proyecto de ley 03010 ""
.
ver documentos de ley relacionados


período:periodo de gobierno 2001- 2006.legislatura:segunda legislatura ordinaria 2001
n",2001-2006,2025-09-17T20:06:46.058115
nombre social,[],"https://www2.congreso.gob.pe/Sicr/TraDocEstProc/CLProLey2001.nsf/e7414acd4ff8d62b05256cdf006c92bb/03f841c05c2f8fe705256d24007a941e?OpenDocument&Highlight=0,nombre,social","CÓD.CIVIL:19,20,21/GARANTIZA EL DERECHO AL NOMBRE",02412,02/04/2002,Publicado El Peruano,"Propone modificar los artículos 19°, 20° y 21° del Código Civil, los cuales garantizan el derecho al nombre.",Moyano Delgado  Martha Lupe,Congreso,Justicia; Mujer y Desarrollo Social; Justicia y Derechos Humanos,Periodo de Gobierno 2001- 2006,Segunda Legislatura Ordinaria 2001,"


seguimiento
>

>







ficha de seguimiento, ""proyecto de ley 02412 ""
.
 ver expediente digital  


período:periodo de gobierno 2001- 2006.legislatura:segunda legislatura ordinaria 2001
número:024",2001-2006,2025-09-17T20:06:47.791676
nombre social,[],"https://www2.congreso.gob.pe/Sicr/TraDocEstProc/CLProLey2001.nsf/e7414acd4ff8d62b05256cdf006c92bb/e35a87a73c830ea305256d24007a941c?OpenDocument&Highlight=0,nombre,social",ESSALUD:CAMBIO DENOMINACIÓN NO GENERA GASTO AL ESTADO,02411,01/04/2002,Archivo,Propone establecer que cualquier cambio que se efectúe en la denominación o nombre al Seguro Social de Salud (ESSALUD) no deberá generar o irrogar gasto alguno al erario nacional.,Barrón Cebreros  Xavier,Congreso,Seguridad Social,Periodo de Gobierno 2001- 2006,Segunda Legislatura Ordinaria 2001,"


seguimiento
>

>







ficha de seguimiento, ""proyecto de ley 02411 ""
.
 ver expediente digital  


período:periodo de gobierno 2001- 2006.legislatura:segunda legislatura ordinaria 2001
número:024",2001-2006,2025-09-17T20:06:49.414944
nombre social,[],"https://www2.congreso.gob.pe/Sicr/TraDocEstProc/CLProLey2001.nsf/e7414acd4ff8d62b05256cdf006c92bb/e7f23d4150fb0cc505256d24007a8fee?OpenDocument&Highlight=0,nombre,social",FUJIMORI:ANULACIÓN DE SU NOMBRE EN LOCALIDADES DEL PAÍS,01819,17/01/2002,Archivo,"Propone autorizar la anulación del nombre de Alberto Fujimori Fujimori a las municipalidades provinciales, distritales y delegadas del país de calles, jirones, avenidas, plazas, asentamientos humanos, urbanizaciones populares, villorrios y caseríos de su respectiva jurisdicción.",Jiménez Dioses  Gonzalo,Congreso,Gobiernos Locales,Periodo de Gobierno 2001- 2006,Primera Legislatura Ordinaria 2001,"


seguimiento
>

>







ficha de seguimiento, ""proyecto de ley 01819 ""
.
 ver expediente digital  


período:periodo de gobierno 2001- 2006.legislatura:primera legislatura ordinaria 2001
número:018",2001-2006,2025-09-17T20:06:51.052410
nombre social,[],"https://www2.congreso.gob.pe/Sicr/TraDocEstProc/CLProLey2001.nsf/e7414acd4ff8d62b05256cdf006c92bb/372b7c89e8ae4e3d05256d24007a8f12?OpenDocument&Highlight=0,nombre,social",TRABAJO:Y PROMOCIÓN SOCIAL/MODIFICA NOMBRE MINISTERIO,01711,07/01/2002,Archivo,Propone modificar el nombre del Ministerio de Trabajo y Promoción Social por el Ministerio de Promoción del Empleo.,Rodrich Ackerman  Jacques,Congreso,Trabajo,Periodo de Gobierno 2001- 2006,Primera Legislatura Ordinaria 2001,"


seguimiento
>

>







ficha de seguimiento, ""proyecto de ley 01711 ""
.
 ver expediente digital  


período:periodo de gobierno 2001- 2006.legislatura:primera legislatura ordinaria 2001
número:017",2001-2006,2025-09-17T20:06:52.673056
orientación sexual,['orientación sexual'],"https://www2.congreso.gob.pe/Sicr/TraDocEstProc/CLProLey2001.nsf/e7414acd4ff8d62b05256cdf006c92bb/b3ecd1d537a9fb6f052570d60077964a?OpenDocument&Highlight=0,orientaci%C3%B3n,sexual","DISCRIMINACIÓN:POR ORIENTACIÓN SEXUAL,ELIMINAR LA...",14231/2005-CR,13/12/2005,Publicado El Peruano,"Propone la ""Ley para prevenir y eliminar la discriminación por orientación sexual"".",Diez Canseco Cisneros  Javier,Congreso,Justicia y Derechos Humanos,Periodo de Gobierno 2001- 2006,Primera Legislatura Ordinaria 2005,"roponente:congreso
grupo parlamentario:unión parlamentaria descentralista
título:discriminación:por orientación sexual,eliminar la... 
sumilla:  propone la ""ley para prevenir y eliminar la discriminac",2001-2006,2025-09-17T20:06:59.733398
orientación sexual,['orientación sexual'],"https://www2.congreso.gob.pe/Sicr/TraDocEstProc/CLProLey2001.nsf/e7414acd4ff8d62b05256cdf006c92bb/8202b540aeeacf6a0525705f007358c8?OpenDocument&Highlight=0,orientaci%C3%B3n,sexual",DISCRIMINACIÓN:L.27270/IGUALDAD DE OPORTUNIDADES,13489/2005-CR,16/08/2005,Publicado El Peruano,"Propone modificar la Ley núm. 27270, Ley contra Actos de Discriminación, con la finalidad de promover la igualdad de oportunidades y de trato, así como prevenir y eliminar todas las formas de discriminación que se realicen por razones de orientación sexual al amparo de lo dispuesto en el inciso 2 de...",Velarde Arrunátegui  Víctor,Congreso,Justicia y Derechos Humanos,Periodo de Gobierno 2001- 2006,Primera Legislatura Ordinaria 2005,"ato, así como prevenir y eliminar todas las formas de discriminación que se realicen por razones de orientación sexual al amparo de lo dispuesto en el inciso 2 del artículo 2° de la constitución polít",2001-2006,2025-09-17T20:07:02.553225
orientación sexual,['orientación sexual'],"https://www2.congreso.gob.pe/Sicr/TraDocEstProc/CLProLey2001.nsf/e7414acd4ff8d62b05256cdf006c92bb/4d9e8ab7d572594d05256d24007a9bca?OpenDocument&Highlight=0,orientaci%C3%B3n,sexual",CÓD.PENAL:323/DISCRIMINACIÓN,03468,01/08/2002,Publicado El Peruano,"Propone modificar el artículo 323° del Código Penal, el cual se refiere a la sanción por discriminación, por razón de origen, filiación, raza, género, características genéticas, orientación sexual, idioma, religión, opinión, condición económica, discapacidad, por razón de edad.",Rengifo Ruiz  Wilmer,Congreso,Derechos Humanos; Justicia; Justicia y Derechos Humanos,Periodo de Gobierno 2001- 2006,Primera Legislatura Ordinaria 2002,"anción por discriminación, por razón de origen, filiación, raza, género, características genéticas, orientación sexual, idioma, religión, opinión, condición económica, discapacidad, por razón de edad.",2001-2006,2025-09-17T20:07:04.319849
unión civil,[],"https://www2.congreso.gob.pe/Sicr/TraDocEstProc/CLProLey2001.nsf/e7414acd4ff8d62b05256cdf006c92bb/9fca25abea795fcd05257165007b1b69?OpenDocument&Highlight=0,uni%C3%B3n,civil",CÓD.CIVIL:326º-UNIÓN DE HECHO,14655/2005-CR,05/05/2006,En comisión,"Propone modificar el artículo 326º del Código Civil, sobre unión de hecho.",Arpasi Velásquez  Paulina,Congreso,Justicia y Derechos Humanos,Periodo de Gobierno 2001- 2006,Segunda Legistarura Ordinaria 2005,"


seguimiento
>

>







ficha de seguimiento, ""proyecto de ley 14655/2005-cr ""
.
 ver expediente digital  


período:periodo de gobierno 2001- 2006.legislatura:segunda legistarura ordinaria 2005
nú",2001-2006,2025-09-17T20:07:57.444151
unión civil,[],"https://www2.congreso.gob.pe/Sicr/TraDocEstProc/CLProLey2001.nsf/e7414acd4ff8d62b05256cdf006c92bb/ff1b6b470debab23052571530075d3a6?OpenDocument&Highlight=0,uni%C3%B3n,civil",CÓD.CIVIL:326º/CONFLICTOS PATRIMONIALES DE CONVIVENCIA,14565/2005-CR,12/04/2006,En comisión,"Propone modificar el artículo 326º del Código Civil, referente a resolver conflictos patrimoniales surgidos dentro de una convivencia o unión de hecho, puedan  tener definida la garantía del reconocimiento judicial de dicha unión.",Chamorro Balvín  Alcides,Congreso,Justicia y Derechos Humanos,Periodo de Gobierno 2001- 2006,Segunda Legistarura Ordinaria 2005,"


seguimiento
>

>







ficha de seguimiento, ""proyecto de ley 14565/2005-cr ""
.
 ver expediente digital  


período:periodo de gobierno 2001- 2006.legislatura:segunda legistarura ordinaria 2005
nú",2001-2006,2025-09-17T20:07:59.072084
unión civil,[],"https://www2.congreso.gob.pe/Sicr/TraDocEstProc/CLProLey2001.nsf/e7414acd4ff8d62b05256cdf006c92bb/a45eb07f35e33d3e0525714c0073b58e?OpenDocument&Highlight=0,uni%C3%B3n,civil",PNP:INCORPORAR PERSONAL CIVIL EN CATEGORÍA DE OFICIALES,14554/2005-CR,10/04/2006,En comisión,Propone incorporar al personal civil de la Policia Nacional del Perú en las categorías de oficiales asimilados y subalternos especialistas.,Núñez Dávila  Dora,Congreso,Defensa Nacional  Orden Interno  Inteligencia  Desarrollo Alternativo y Lucha Contra las Drogas,Periodo de Gobierno 2001- 2006,Segunda Legistarura Ordinaria 2005,"


seguimiento
>

>







ficha de seguimiento, ""proyecto de ley 14554/2005-cr ""
.
 ver expediente digital  


período:periodo de gobierno 2001- 2006.legislatura:segunda legistarura ordinaria 2005
nú",2001-2006,2025-09-17T20:08:00.690318
unión civil,[],"https://www2.congreso.gob.pe/Sicr/TraDocEstProc/CLProLey2001.nsf/e7414acd4ff8d62b05256cdf006c92bb/9f32359f9e9d0afd05257142007b70dc?OpenDocument&Highlight=0,uni%C3%B3n,civil",SISTEMA:NAC.DEFENSA CIVIL/FUNCIONE LAS 24 HORAS,14546/2005-CR,31/03/2006,Dictamen,"Propone establecer que las oficinas y dependencias del sistema nacional de defensa civil funcione las 24 horas del día incluídos sábados, domingos y feriados durante todo el año.",Morales Mansilla  Pedro,Congreso,Defensa Nacional  Orden Interno  Inteligencia  Desarrollo Alternativo y Lucha Contra las Drogas,Periodo de Gobierno 2001- 2006,Segunda Legistarura Ordinaria 2005,"


seguimiento
>

>







ficha de seguimiento, ""proyecto de ley 14546/2005-cr ""
.
ver documentos de ley relacionados


período:periodo de gobierno 2001- 2006.legislatura:segunda legistarura ordinari",2001-2006,2025-09-17T20:08:02.340029
unión civil,[],"https://www2.congreso.gob.pe/Sicr/TraDocEstProc/CLProLey2001.nsf/e7414acd4ff8d62b05256cdf006c92bb/eafa1a91a510c7070525706600804496?OpenDocument&Highlight=0,uni%C3%B3n,civil","CÓD.PENAL:232°,241°/PRÁCTICAS MONOPÓLICAS",13533/2005-CR,23/08/2005,En comisión,"Propone modificar los artículos 19° y 25° del Decreto Legislativo núm. 701, Ley que dispone la eliminación de las prácticas monopólicas, controlistas y restrictivas de la libre competencia, respecto al ejercicio de la acción penal y sobre la acción civil; asimismo, modificar los artículos 232° y 241...",Morales Mansilla  Pedro,Congreso,Justicia; Defensa del Consumidor y Organismos Reguladores de los Servicios Públicos; Justicia y Derechos Humanos,Periodo de Gobierno 2001- 2006,Primera Legislatura Ordinaria 2005,"


seguimiento
>

>







ficha de seguimiento, ""proyecto de ley 13533/2005-cr ""
.
 ver expediente digital  


período:periodo de gobierno 2001- 2006.legislatura:primera legislatura ordinaria 2005
nú",2001-2006,2025-09-17T20:08:03.966266
unión civil,[],"https://www2.congreso.gob.pe/Sicr/TraDocEstProc/CLProLey2001.nsf/e7414acd4ff8d62b05256cdf006c92bb/a18017c584cf65bc05257023007cd5b4?OpenDocument&Highlight=0,uni%C3%B3n,civil",CÓD.CIVIL:1650°/MUTUO ENTRE CÓNYUGES,13228/2004-CR,17/06/2005,En comisión,"Propone modificar el artículo 1650° del Código Civil, referente a que el mutuo entre cónyuges constará por escritura pública, bajo sanción de nulidad, cuando su valor exceda de seis Unidades Impositivas Tributarias.",Lescano Ancieta  Yonhy,Congreso,Justicia y Derechos Humanos,Periodo de Gobierno 2001- 2006,Segunda Legislatura Ordinaria 2004,"


seguimiento
>

>







ficha de seguimiento, ""proyecto de ley 13228/2004-cr ""
.
 ver expediente digital  


período:periodo de gobierno 2001- 2006.legislatura:segunda legislatura ordinaria 2004
nú",2001-2006,2025-09-17T20:08:05.587235
unión civil,[],"https://www2.congreso.gob.pe/Sicr/TraDocEstProc/CLProLey2001.nsf/e7414acd4ff8d62b05256cdf006c92bb/9f488426bc42a1640525701b00814ad5?OpenDocument&Highlight=0,uni%C3%B3n,civil",CÓD.PROC.CIVIL:656°/EMBARGO EN FORMA DE INSCRIPCIÓN,13171/2004-CR,09/06/2005,En comisión,"Propone modificar el artículo 656° del Código Procesal Civil, referente al embargo en forma de inscripción.",Ochoa Vargas Mario,Congreso,Justicia y Derechos Humanos,Periodo de Gobierno 2001- 2006,Segunda Legislatura Ordinaria 2004,"


seguimiento
>

>







ficha de seguimiento, ""proyecto de ley 13171/2004-cr ""
.
 ver expediente digital  


período:periodo de gobierno 2001- 2006.legislatura:segunda legislatura ordinaria 2004
nú",2001-2006,2025-09-17T20:08:07.209915
unión civil,[],"https://www2.congreso.gob.pe/Sicr/TraDocEstProc/CLProLey2001.nsf/e7414acd4ff8d62b05256cdf006c92bb/3d6dbd76633e0efd05257018005ddb23?OpenDocument&Highlight=0,uni%C3%B3n,civil","CÓD.CIVIL:293º,LIBERTAD TRABAJO DE LOS CÓNYUGES",13146/2004-CR,06/06/2005,En comisión,"Propone modificar el artículo 293º del Código Civil, referente a la libertad de trabajo de los cónyuges.",Núñez Dávila  Dora,Congreso,Justicia y Derechos Humanos; Trabajo,Periodo de Gobierno 2001- 2006,Segunda Legislatura Ordinaria 2004,"


seguimiento
>

>







ficha de seguimiento, ""proyecto de ley 13146/2004-cr ""
.
 ver expediente digital  


período:periodo de gobierno 2001- 2006.legislatura:segunda legislatura ordinaria 2004
nú",2001-2006,2025-09-17T20:08:08.835544
unión civil,[],"https://www2.congreso.gob.pe/Sicr/TraDocEstProc/CLProLey2001.nsf/e7414acd4ff8d62b05256cdf006c92bb/c8e56b68051494a10525701400771756?OpenDocument&Highlight=0,uni%C3%B3n,civil",CÓD.PROC.CIVIL:566°/EJECUCIÓN ANTICIPADA Y EJECUCIÓN FORZADA,13129/2004-CR,02/06/2005,En comisión,"Propone modificar el artículo 566° del Código Procesal Civil, modificada por la Ley núm. 28439, Ley que simplicada las reglas de proceso de alimentos, referente a exonerar el cobro de comisiones y gastos de operaciones y servicios de cuentas de ahorro para el pago de alimentos.",Lescano Ancieta  Yonhy,Congreso,Justicia y Derechos Humanos,Periodo de Gobierno 2001- 2006,Segunda Legislatura Ordinaria 2004,"


seguimiento
>

>







ficha de seguimiento, ""proyecto de ley 13129/2004-cr ""
.
 ver expediente digital  


período:periodo de gobierno 2001- 2006.legislatura:segunda legislatura ordinaria 2004
nú",2001-2006,2025-09-17T20:08:10.456603
unión civil,[],"https://www2.congreso.gob.pe/Sicr/TraDocEstProc/CLProLey2001.nsf/e7414acd4ff8d62b05256cdf006c92bb/759c6ebfe893166e05256fef007d1ea3?OpenDocument&Highlight=0,uni%C3%B3n,civil",TURISMO:MULTAS PROPALEN INFORMACIÓN AFECTE DESARROLLO TURÍSTICO,12841/2004-CR,26/04/2005,En comisión,Propone establecer multas y revocación de permiso de operación a empresas de aeronáutica civil que propalen información que afecte el desarrollo turístico del país.,Gonzales Reinoso  Luis,Congreso,Transportes y Comunicaciones; Comercio Exterior y Turismo,Periodo de Gobierno 2001- 2006,Primera Legislatura Ordinaria 2004,"


seguimiento
>

>







ficha de seguimiento, ""proyecto de ley 12841/2004-cr ""
.
 ver expediente digital  


período:periodo de gobierno 2001- 2006.legislatura:primera legislatura ordinaria 2004
nú",2001-2006,2025-09-17T20:08:12.084400
unión civil,[],"https://www2.congreso.gob.pe/Sicr/TraDocEstProc/CLProLey2001.nsf/e7414acd4ff8d62b05256cdf006c92bb/a306ac4ff38cd37e05256fcd006fe4e7?OpenDocument&Highlight=0,uni%C3%B3n,civil",CÓD.CIVIL:744º-CAUSALES DE DESHEREDACIÓN,12631/2004-CR,22/03/2005,En comisión,"Propone modificar el inciso 1 del artículo 744º del Código Civil, referido a las causales de desheredación.",Lescano Ancieta  Yonhy,Congreso,Justicia y Derechos Humanos,Periodo de Gobierno 2001- 2006,Primera Legislatura Ordinaria 2004,"


seguimiento
>

>







ficha de seguimiento, ""proyecto de ley 12631/2004-cr ""
.
 ver expediente digital  


período:periodo de gobierno 2001- 2006.legislatura:primera legislatura ordinaria 2004
nú",2001-2006,2025-09-17T20:08:14.151500
unión civil,[],"https://www2.congreso.gob.pe/Sicr/TraDocEstProc/CLProLey2001.nsf/e7414acd4ff8d62b05256cdf006c92bb/21010ae8f9d7779d05256f640000d577?OpenDocument&Highlight=0,uni%C3%B3n,civil",CÓD.CIVIL:473/ALIMENTOS PARA EL MAYOR DE 18 AÑOS,12108/2004-CR,07/12/2004,En comisión,"Propone modificar el artículo 473° del Código Civil, referente a que los alimentos para el mayor de 18 años comprende también su educación, instrucción y capacitación para el trabajo.",Diez Canseco Cisneros  Javier,Congreso,Justicia y Derechos Humanos,Periodo de Gobierno 2001- 2006,Primera Legislatura Ordinaria 2004,"


seguimiento
>

>







ficha de seguimiento, ""proyecto de ley 12108/2004-cr ""
.
 ver expediente digital  


período:periodo de gobierno 2001- 2006.legislatura:primera legislatura ordinaria 2004
nú",2001-2006,2025-09-17T20:08:15.887327
unión civil,[],"https://www2.congreso.gob.pe/Sicr/TraDocEstProc/CLProLey2001.nsf/e7414acd4ff8d62b05256cdf006c92bb/6803180dd4eef6e105256f48008129b2?OpenDocument&Highlight=0,uni%C3%B3n,civil",CÓD.PROCESAL CIVIL:616/MEDIDAS CAUTELARES CONTRA PODERES DEL ESTADO,11900/2004-CR,10/11/2004,En comisión,"Propone modificar el artículo 616° del Código Procesal Civil, en los siguientes términos:""No proceden medidas cautelares contra los Poderes Legislativo, Ejecutivo y Judicial, el Ministerio Público, los órganos constitucionales autónomos, los Gobiernos Regionales, Locales y las universidades, salvo e...",Amprimo Pla  Natale,Congreso,Constitución y Reglamento; Justicia y Derechos Humanos,Periodo de Gobierno 2001- 2006,Primera Legislatura Ordinaria 2004,"


seguimiento
>

>







ficha de seguimiento, ""proyecto de ley 11900/2004-cr ""
.
 ver expediente digital  


período:periodo de gobierno 2001- 2006.legislatura:primera legislatura ordinaria 2004
nú",2001-2006,2025-09-17T20:08:18.657759
unión civil,[],"https://www2.congreso.gob.pe/Sicr/TraDocEstProc/CLProLey2001.nsf/e7414acd4ff8d62b05256cdf006c92bb/098f4c0ebeb60bc705256f3500029874?OpenDocument&Highlight=0,uni%C3%B3n,civil",ELECCIONES:L.26859/PADRÓN ELECTORAL ACTUALIZADO,11761/2004-CR,21/10/2004,En comisión,"Propone modificar el artículo 201° de la Ley núm. 26859, Ley Orgánica de Elecciones, referente al Padrón Electoral Actualizado por el Registro Nacional de Identificación y Estado Civil.",Mera Ramirez  Jorge,Congreso,Constitución y Reglamento,Periodo de Gobierno 2001- 2006,Primera Legislatura Ordinaria 2004,"


seguimiento
>

>







ficha de seguimiento, ""proyecto de ley 11761/2004-cr ""
.
 ver expediente digital  


período:periodo de gobierno 2001- 2006.legislatura:primera legislatura ordinaria 2004
nú",2001-2006,2025-09-17T20:08:20.393143
unión civil,[],"https://www2.congreso.gob.pe/Sicr/TraDocEstProc/CLProLey2001.nsf/e7414acd4ff8d62b05256cdf006c92bb/89d97014dce73d4305256ede00789c04?OpenDocument&Highlight=0,uni%C3%B3n,civil",PODER JUDICIAL:22/PUBLICACIÓN PRINCIPIOS JURISPRUDENCIALES,11033/2004-CR,27/07/2004,En comisión,"Propone modificar el artículo 400° del Código Procesal Civil:""Doctrina jurisprudencial""; y el artículo 22° de la Ley Orgánica del Poder Judicial, referente a la aplicación de principios jurisprudenciales"".",Lescano Ancieta  Yonhy,Congreso,Justicia y Derechos Humanos,Periodo de Gobierno 2001- 2006,Primera Legislatura Ordinaria 2004,"


seguimiento
>

>







ficha de seguimiento, ""proyecto de ley 11033/2004-cr ""
.
 ver expediente digital  


período:periodo de gobierno 2001- 2006.legislatura:primera legislatura ordinaria 2004
nú",2001-2006,2025-09-17T20:08:22.012313
unión civil,[],"https://www2.congreso.gob.pe/Sicr/TraDocEstProc/CLProLey2001.nsf/e7414acd4ff8d62b05256cdf006c92bb/96a89219e56a3a3905256ecb005a5236?OpenDocument&Highlight=0,uni%C3%B3n,civil",PODER JUDICIAL/CÓD.PROC.CIVIL:PUBLIC.PRINCIPIOS JURISPRUDENCIALES,10961/2003-CR,07/07/2004,En comisión,"Propone modificar el artículo 22° y 79° de la Ley Orgánica del Poder Judicial y el artículo 400° del Código Procesal Civil, referente a la publicación de sentencias normativas en el diario oficial El Peruano que contengan principios jurisprudenciales.",Lescano Ancieta  Yonhy,Congreso,Justicia y Derechos Humanos,Periodo de Gobierno 2001- 2006,Segunda Legislatura Ordinaria 2003,"


seguimiento
>

>







ficha de seguimiento, ""proyecto de ley 10961/2003-cr ""
.
 ver expediente digital  


período:periodo de gobierno 2001- 2006.legislatura:segunda legislatura ordinaria 2003
nú",2001-2006,2025-09-17T20:08:23.629493
unión civil,[],"https://www2.congreso.gob.pe/Sicr/TraDocEstProc/CLProLey2001.nsf/e7414acd4ff8d62b05256cdf006c92bb/9c3078bd78af793a05256ec400824f44?OpenDocument&Highlight=0,uni%C3%B3n,civil",CÓD.CIVIL:354/PLAZO DE CONVERSIÓN/SEPARACIÓN A DIVORCIO,10927/2003-CR,01/07/2004,Publicado El Peruano,"Propone modificar el artículo 354° del Código Civil, el cual disminuye el plazo de conversión de separación convencional a divorcio.",Lescano Ancieta  Yonhy,Congreso,Justicia y Derechos Humanos,Periodo de Gobierno 2001- 2006,Segunda Legislatura Ordinaria 2003,"


seguimiento
>

>







ficha de seguimiento, ""proyecto de ley 10927/2003-cr ""
.
ver documentos de ley relacionados


período:periodo de gobierno 2001- 2006.legislatura:segunda legislatura ordinari",2001-2006,2025-09-17T20:08:25.250126
unión civil,[],"https://www2.congreso.gob.pe/Sicr/TraDocEstProc/CLProLey2001.nsf/e7414acd4ff8d62b05256cdf006c92bb/7e71d84cef43ccdd05256ec400824f42?OpenDocument&Highlight=0,uni%C3%B3n,civil",PODER JUDICIAL:57/JUZGADOS DE PAZ EN MATERIA CIVIL,10926/2003-CR,01/07/2004,Publicado El Peruano,"Propone modificar el artículo 57° de la Ley Orgánica del Poder Judicial, el cual regula el proceso de alimentos, el pago de la pensión alimenticia, instaura el uso de formularios para demanda y su contestación en procesos de alimentos y violencia familiar.",Lescano Ancieta  Yonhy,Congreso,Justicia y Derechos Humanos,Periodo de Gobierno 2001- 2006,Segunda Legislatura Ordinaria 2003,"


seguimiento
>

>







ficha de seguimiento, ""proyecto de ley 10926/2003-cr ""
.
ver documentos de ley relacionados


período:periodo de gobierno 2001- 2006.legislatura:segunda legislatura ordinari",2001-2006,2025-09-17T20:08:26.988896
unión civil,[],"https://www2.congreso.gob.pe/Sicr/TraDocEstProc/CLProLey2001.nsf/e7414acd4ff8d62b05256cdf006c92bb/f746c201e75854b805256ec400824f40?OpenDocument&Highlight=0,uni%C3%B3n,civil",CÓD.PROCESAL CIVIL:MODIF.DIVERSOS ARTÍCULOS...,10925/2003-CR,01/07/2004,En comisión,"Propone modificar diversos artículos del Código Procesal Civil:178°,""Revisión civil por fraude procesal""; 203°,""Citación y concurrencia""; 208°,""Actuación de pruebas""; 346°,""Abandono del proceso""; 384°,""Fines de la casación""; 385°,""Resoluciones casables""; 388°,""Requisitos de fondo""; 390°,""Inadmisibil...",Lescano Ancieta  Yonhy,Congreso,Justicia y Derechos Humanos,Periodo de Gobierno 2001- 2006,Segunda Legislatura Ordinaria 2003,"


seguimiento
>

>







ficha de seguimiento, ""proyecto de ley 10925/2003-cr ""
.
ver documentos de ley relacionados


período:periodo de gobierno 2001- 2006.legislatura:segunda legislatura ordinari",2001-2006,2025-09-17T20:08:28.916686
unión civil,[],"https://www2.congreso.gob.pe/Sicr/TraDocEstProc/CLProLey2001.nsf/e7414acd4ff8d62b05256cdf006c92bb/b314ba2b04bf125505256ec400824f34?OpenDocument&Highlight=0,uni%C3%B3n,civil",MINISTERIO PÚBL:96-A/FACULTADES AL FISCAL PARA CONCILIAR,10917/2003-CR,01/07/2004,Publicado El Peruano,"Propone modificar el artículo 96°-A de la Ley Orgánica del Ministerio Público y el artículo 713° del Código Procesal Civil, referente a otorgar facultades al Fiscal de Familia para conciliar.",Lescano Ancieta  Yonhy,Congreso,Justicia y Derechos Humanos,Periodo de Gobierno 2001- 2006,Segunda Legislatura Ordinaria 2003,"


seguimiento
>

>







ficha de seguimiento, ""proyecto de ley 10917/2003-cr ""
.
 ver expediente digital  


período:periodo de gobierno 2001- 2006.legislatura:segunda legislatura ordinaria 2003
nú",2001-2006,2025-09-17T20:08:30.651271
unión civil,[],"https://www2.congreso.gob.pe/Sicr/TraDocEstProc/CLProLey2001.nsf/e7414acd4ff8d62b05256cdf006c92bb/40f44ef9b56abb4c05256eae007562ec?OpenDocument&Highlight=0,uni%C3%B3n,civil",DEFENSOR PATRIA:L.23324/BENEFICIOS PARA EXCOMBATIENTES,10777/2003-CR,09/06/2004,Publicado El Peruano,"Propone modificar la Ley núm. 23324, sobre el cual se establecen beneficios para los excombatientes que intervinieron en la Cordillera del Condor en 1981, e incorpora a los participantes en la defensa de la integridad territorial en los incidentes armados fronterizos en el sub sector del Alto Cenepa...",Mera Ramirez  Jorge,Congreso,Economía e Inteligencia Financiera; Defensa Nacional  Orden Interno  Inteligencia  Desarrollo Alternativo y Lucha Contra las Drogas; Economía; Seguridad Social,Periodo de Gobierno 2001- 2006,Segunda Legislatura Ordinaria 2003,"


seguimiento
>

>







ficha de seguimiento, ""proyecto de ley 10777/2003-cr ""
.
 ver expediente digital  


período:periodo de gobierno 2001- 2006.legislatura:segunda legislatura ordinaria 2003
nú",2001-2006,2025-09-17T20:08:32.376474
unión civil,[],"https://www2.congreso.gob.pe/Sicr/TraDocEstProc/CLProLey2001.nsf/e7414acd4ff8d62b05256cdf006c92bb/1ccb74825964407705256ea50078dc75?OpenDocument&Highlight=0,uni%C3%B3n,civil",GOBIERNOS REGIONALES:L.27867/COMUNIDADES CAMPESINAS,10705/2003-CR,28/05/2004,En comisión,"Propone modificar el artículo 11°-A y la décimo quinta disposición transitoria, complementaria y final de la Ley núm. 27902, Ley Orgánica de Gobiernos Regionales, referente a que las comunidades campesinas tendrán por lo menos un representante y un máximo del 20% de los representantes de la sociedad...",Lescano Ancieta  Yonhy,Congreso,Descentralización  Regionalización y Modernización de la Gestión del Estado,Periodo de Gobierno 2001- 2006,Segunda Legislatura Ordinaria 2003,"


seguimiento
>

>







ficha de seguimiento, ""proyecto de ley 10705/2003-cr ""
.
 ver expediente digital  


período:periodo de gobierno 2001- 2006.legislatura:segunda legislatura ordinaria 2003
nú",2001-2006,2025-09-17T20:08:33.999851
unión civil,[],"https://www2.congreso.gob.pe/Sicr/TraDocEstProc/CLProLey2001.nsf/e7414acd4ff8d62b05256cdf006c92bb/3e2020755189961c05256e5f00714e03?OpenDocument&Highlight=0,uni%C3%B3n,civil",RESPONSABILIDAD:CIVIL/DAÑOS POR PRODUCTOS DEFECTUOSOS,10123,19/03/2004,Dictamen,Propone establecer la responsabilidad civil por los daños causados por productos defectuosos.,Morales Mansilla  Pedro,Congreso,Justicia y Derechos Humanos; Defensa del Consumidor y Organismos Reguladores de los Servicios Públicos,Periodo de Gobierno 2001- 2006,Primera Legislatura Ordinaria 2003,"


seguimiento
>

>







ficha de seguimiento, ""proyecto de ley 10123 ""
.
ver documentos de ley relacionados


período:periodo de gobierno 2001- 2006.legislatura:primera legislatura ordinaria 2003
n",2001-2006,2025-09-17T20:08:35.621348
unión civil,[],"https://www2.congreso.gob.pe/Sicr/TraDocEstProc/CLProLey2001.nsf/e7414acd4ff8d62b05256cdf006c92bb/318d8a469f17abb005256e5300728395?OpenDocument&Highlight=0,uni%C3%B3n,civil",CÓD.CIVIL:1/SUJETO DE DERECHOS DESDE LA CONCEPCIÓN,09942,05/03/2004,En comisión,"Propone modificar el artículo 1º del Código Civil, quedando redactado de la siguiente manera:""La persona humana es sujeto de derecho desde su nacimiento. La vida humana empieza con la concepción, entendiéndose la misma como la unión del óvulo con el espermatozoide. El concebido es sujeto de derecho ...",Chávez Chuchón  Héctor Hugo,Congreso,Justicia y Derechos Humanos,Periodo de Gobierno 2001- 2006,Segunda Legislatura Ordinaria 2003,"


seguimiento
>

>







ficha de seguimiento, ""proyecto de ley 09942 ""
.
 ver expediente digital  


período:periodo de gobierno 2001- 2006.legislatura:segunda legislatura ordinaria 2003
número:099",2001-2006,2025-09-17T20:08:37.246775
unión civil,[],"https://www2.congreso.gob.pe/Sicr/TraDocEstProc/CLProLey2001.nsf/e7414acd4ff8d62b05256cdf006c92bb/0c49df2fc4212eee05256e4700792d8e?OpenDocument&Highlight=0,uni%C3%B3n,civil","DEFENSOR:PATRIA/BENEFICIOS PARA VIUDAS CAMPAÑAS 1933,1941",09850,27/02/2004,Publicado El Peruano,"Propone modificar el artículo 6° de la Ley N° 24053, sobre el cual establecen beneficios para las viudas de los ex combatientes de las campañas militares 1933 y 1941.",Mera Ramirez  Jorge,Congreso,Economía e Inteligencia Financiera; Defensa Nacional  Orden Interno  Inteligencia  Desarrollo Alternativo y Lucha Contra las Drogas; Seguridad Social,Periodo de Gobierno 2001- 2006,Primera Legislatura Ordinaria 2003,"


seguimiento
>

>







ficha de seguimiento, ""proyecto de ley 09850 ""
.
ver documentos de ley relacionados


período:periodo de gobierno 2001- 2006.legislatura:primera legislatura ordinaria 2003
n",2001-2006,2025-09-17T20:08:38.979626
unión civil,[],"https://www2.congreso.gob.pe/Sicr/TraDocEstProc/CLProLey2001.nsf/e7414acd4ff8d62b05256cdf006c92bb/977570304233eaf805256df9007508fb?OpenDocument&Highlight=0,uni%C3%B3n,civil",CÓD.PROCESAL CIVIL:324/AUDIENCIA DE CONCILIACIÓN JUDICIAL,09321,10/12/2003,En comisión,"Propone modificar diversos artículos del Código Procesal Civil: 324°,""Formalidad de la Conciliación Judicial""; 468°,""Oportunidad de mediación judicial""; 469°,""Finalidad de la mediación judicial""; 470°,""Mediación con acuerdo absoluto de las pretensiones""; 470°-A,""Carácter de cosa juzgada""; 471°,""Medi...",Ochoa Vargas Mario,Congreso,Justicia y Derechos Humanos,Periodo de Gobierno 2001- 2006,Primera Legislatura Ordinaria 2003,"


seguimiento
>

>







ficha de seguimiento, ""proyecto de ley 09321 ""
.
 ver expediente digital  


período:periodo de gobierno 2001- 2006.legislatura:primera legislatura ordinaria 2003
número:093",2001-2006,2025-09-17T20:08:40.610256
unión civil,[],"https://www2.congreso.gob.pe/Sicr/TraDocEstProc/CLProLey2001.nsf/e7414acd4ff8d62b05256cdf006c92bb/e5b00ed9cbedd9b505256deb004fad01?OpenDocument&Highlight=0,uni%C3%B3n,civil",PARTIDOS POLÍTICOS:L.28094-MODIFICA VARIOS ARTÍCULOS DE LEY...,09125,24/11/2003,Dictamen,"Propone modificar y derogar diversos artículos de la Ley de Partidos Políticos núm. 28094, en tal sentido, según el cálculo realizado por la Asociación Civil Transparencia y teniendo como base la Unidad Impositiva Tributaria actual; el Estado, a partir del 2007 y hasta el 2011, tendrá que asignar a ...",Lescano Ancieta  Yonhy,Congreso,Constitución y Reglamento,Periodo de Gobierno 2001- 2006,Primera Legislatura Ordinaria 2003,"


seguimiento
>

>







ficha de seguimiento, ""proyecto de ley 09125 ""
.
ver documentos de ley relacionados


período:periodo de gobierno 2001- 2006.legislatura:primera legislatura ordinaria 2003
n",2001-2006,2025-09-17T20:08:42.233681
unión civil,[],"https://www2.congreso.gob.pe/Sicr/TraDocEstProc/CLProLey2001.nsf/e7414acd4ff8d62b05256cdf006c92bb/7edbde53b8fe648605256de4007723a2?OpenDocument&Highlight=0,uni%C3%B3n,civil",DNI:ESTABLECE COSTO Y VIGENCIA DEL...,09083,20/11/2003,Publicado El Peruano,Propuesta de Ley que establece costo y vigencia del Documento Nacional de Identidad -DNI-.,Merino De Lama  Manuel,Congreso,Constitución y Reglamento,Periodo de Gobierno 2001- 2006,Primera Legislatura Ordinaria 2003,"


seguimiento
>

>







ficha de seguimiento, ""proyecto de ley 09083 ""
.
 ver expediente digital  


período:periodo de gobierno 2001- 2006.legislatura:primera legislatura ordinaria 2003
número:090",2001-2006,2025-09-17T20:08:43.858171
unión civil,[],"https://www2.congreso.gob.pe/Sicr/TraDocEstProc/CLProLey2001.nsf/e7414acd4ff8d62b05256cdf006c92bb/5f864d208db912f005256dd000758b7a?OpenDocument&Highlight=0,uni%C3%B3n,civil","CÓD.PROCESAL CIVIL:566,675/EJECUCIÓN ANTICIPADA",08811,31/10/2003,Publicado El Peruano,Propone incorporar al artículo 566° del Código Procesal Civil un tercer párrafo sobre la ejecución anticipada; y al 675° sobre la asignación anticipada de alimentos.,Merino De Lama  Manuel,Congreso,Justicia y Derechos Humanos,Periodo de Gobierno 2001- 2006,Primera Legislatura Ordinaria 2003,"


seguimiento
>

>







ficha de seguimiento, ""proyecto de ley 08811 ""
.
ver documentos de ley relacionados


período:periodo de gobierno 2001- 2006.legislatura:primera legislatura ordinaria 2003
n",2001-2006,2025-09-17T20:08:45.483493
unión civil,[],"https://www2.congreso.gob.pe/Sicr/TraDocEstProc/CLProLey2001.nsf/e7414acd4ff8d62b05256cdf006c92bb/e48b3e4d5533d3bc05256dbb00728f19?OpenDocument&Highlight=0,uni%C3%B3n,civil",SEGURO:DE RESPONSABILIDAD CIVIL PROFESIONAL/OBLIGATORIO,08500,09/10/2003,En comisión,"Propone que todo profesional de la salud que labora de modo independiente, deberá adquirir un seguro de responsabilidad civil profesional a favor del paciente, previa a la intervención quirúrgica programada",Mera Ramirez  Jorge,Congreso,Salud Población Familia y Personas con Discapacidad,Periodo de Gobierno 2001- 2006,Primera Legislatura Ordinaria 2003,"


seguimiento
>

>







ficha de seguimiento, ""proyecto de ley 08500 ""
.
 ver expediente digital  


período:periodo de gobierno 2001- 2006.legislatura:primera legislatura ordinaria 2003
número:085",2001-2006,2025-09-17T20:08:47.106611
unión civil,[],"https://www2.congreso.gob.pe/Sicr/TraDocEstProc/CLProLey2001.nsf/e7414acd4ff8d62b05256cdf006c92bb/2ff041e3478d34fb05256db300801966?OpenDocument&Highlight=0,uni%C3%B3n,civil",CÓD.CIVIL:392/RECONOCIMIENTO HIJO EXTRAMATRIMONIAL,08408,01/10/2003,Publicado El Peruano,"Propone modificar el texto de los artículos 392° del Código Civil y 37° del Decreto Supremo N° 015-98-PCM, referente a: Reconocimiento de hijo unilateralmente y Reconocimiento de hijo extramatrimonial, respectivamente.",Calderón Castillo  Iván,Congreso,Justicia y Derechos Humanos,Periodo de Gobierno 2001- 2006,Primera Legislatura Ordinaria 2003,"


seguimiento
>

>







ficha de seguimiento, ""proyecto de ley 08408 ""
.
ver documentos de ley relacionados


período:periodo de gobierno 2001- 2006.legislatura:primera legislatura ordinaria 2003
n",2001-2006,2025-09-17T20:08:48.730770
unión civil,[],"https://www2.congreso.gob.pe/Sicr/TraDocEstProc/CLProLey2001.nsf/e7414acd4ff8d62b05256cdf006c92bb/49443de346c3016d05256dab0077134e?OpenDocument&Highlight=0,uni%C3%B3n,civil","CÓD.CIVIL:237,274,242/DIVORCIO/PARENTESCO POR AFINIDAD",08320,24/09/2003,En comisión,"Propone modificar los artículos 237°, 274° y derogar los numerales 3 y 4 del artículo 242° del Código Civil, sobre el parentesco por afinidad.",Morales Mansilla  Pedro,Congreso,Justicia y Derechos Humanos,Periodo de Gobierno 2001- 2006,Primera Legislatura Ordinaria 2003,"


seguimiento
>

>







ficha de seguimiento, ""proyecto de ley 08320 ""
.
 ver expediente digital  


período:periodo de gobierno 2001- 2006.legislatura:primera legislatura ordinaria 2003
número:083",2001-2006,2025-09-17T20:08:50.351820
unión civil,[],"https://www2.congreso.gob.pe/Sicr/TraDocEstProc/CLProLey2001.nsf/e7414acd4ff8d62b05256cdf006c92bb/10dd044b91283d7d05256d89007f41f2?OpenDocument&Highlight=0,uni%C3%B3n,civil",SALUD:SEGURO OBLIGATORIO DE RESPONSABILIDAD CIVIL MÉDICA,07938,21/08/2003,Orden del Día,"Propone modificar el inciso a) del artículo 15º de la Ley Nº 26842, Ley General de Salud, Ley que crea el Seguro Obligatorio de Responsabilidad Civil Médica.",Amprimo Pla  Natale,Congreso,Salud Población Familia y Personas con Discapacidad; Constitución Reglamento y Acusaciones Constitucionales,Periodo de Gobierno 2001- 2006,Primera Legislatura Ordinaria 2003,"


seguimiento
>

>







ficha de seguimiento, ""proyecto de ley 07938 ""
.
ver documentos de ley relacionados


período:periodo de gobierno 2001- 2006.legislatura:primera legislatura ordinaria 2003
n",2001-2006,2025-09-17T20:08:51.974255
unión civil,[],"https://www2.congreso.gob.pe/Sicr/TraDocEstProc/CLProLey2001.nsf/e7414acd4ff8d62b05256cdf006c92bb/adb3159df161c57a05256d89007f41ef?OpenDocument&Highlight=0,uni%C3%B3n,civil",ADMINISTRACIÓN DE JUSTICIA:COMISIÓN PARA REFORMA INTEGRAL...,07936,21/08/2003,Publicado El Peruano,Propone crear el Comité Especial para la Reforma Integral de la Administración de Justicia,Morales Mansilla  Pedro,Congreso,Justicia y Derechos Humanos,Periodo de Gobierno 2001- 2006,Primera Legislatura Ordinaria 2003,"


seguimiento
>

>







ficha de seguimiento, ""proyecto de ley 07936 ""
.
ver documentos de ley relacionados


período:periodo de gobierno 2001- 2006.legislatura:primera legislatura ordinaria 2003
n",2001-2006,2025-09-17T20:08:53.599165
unión civil,[],"https://www2.congreso.gob.pe/Sicr/TraDocEstProc/CLProLey2001.nsf/e7414acd4ff8d62b05256cdf006c92bb/23b8ad0122c8a9bc05256d89007f41ed?OpenDocument&Highlight=0,uni%C3%B3n,civil",CÓD.CIVIL:1243/TASA DE INTERÉS CONVENCIONAL,07934,21/08/2003,En comisión,"Propone modificar el artículo 1243° del Código Civil, el cual quedará redactado de la siguiente manera:""La tasa máxima de interés convencional compensatorio es igual a la máxima tasa activa determinada por la libre competencia dentro del Sistema Financiero, la cual será publicada por el Banco Centra...",Morales Mansilla  Pedro,Congreso,Justicia y Derechos Humanos,Periodo de Gobierno 2001- 2006,Primera Legislatura Ordinaria 2003,"


seguimiento
>

>







ficha de seguimiento, ""proyecto de ley 07934 ""
.
 ver expediente digital  


período:periodo de gobierno 2001- 2006.legislatura:primera legislatura ordinaria 2003
número:079",2001-2006,2025-09-17T20:08:55.222788
unión civil,[],"https://www2.congreso.gob.pe/Sicr/TraDocEstProc/CLProLey2001.nsf/e7414acd4ff8d62b05256cdf006c92bb/b80fbfaa7c2f4d9805256d7300780942?OpenDocument&Highlight=0,uni%C3%B3n,civil","EJECUCIÓN:COACTIVA/L.26979,RECAUDAR RECURSOS PARA PODER JUDICIAL",07670,25/07/2003,Observado,"Propone modificar el artículo 12º inciso b) de la Ley No. 26979, Ley de Procedimiento de Ejecución Coactiva y el artículo 423º del Código Procesal Civil, promoviendo la eficiente recaudación de recursos a favor del Poder Judicial.",Morales Mansilla  Pedro,Congreso,Justicia y Derechos Humanos,Periodo de Gobierno 2001- 2006,Segunda Legislatura Ordinaria 2002,"


seguimiento
>

>







ficha de seguimiento, ""proyecto de ley 07670 ""
.
ver documentos de ley relacionados


período:periodo de gobierno 2001- 2006.legislatura:segunda legislatura ordinaria 2002
n",2001-2006,2025-09-17T20:08:56.847495
unión civil,[],"https://www2.congreso.gob.pe/Sicr/TraDocEstProc/CLProLey2001.nsf/e7414acd4ff8d62b05256cdf006c92bb/37f6d154af02015105256d730078093e?OpenDocument&Highlight=0,uni%C3%B3n,civil",TRABAJADOR:QUE RECIBE CAPACITACIÓN NO PODRÁ RENUNCIAR,07667,25/07/2003,Archivo,"Propone precisar el alcance del artículo 18º del Decreto Legislativo Nº 276, redactado de forma siguiente:""El funcionario o servidor público, cualquiera fuera el régimen laboral bajo el que desarrolla sus actividades, que recibe capacitación, especialización y/o perfeccionamiento profesional en el p...",Morales Mansilla  Pedro,Congreso,Trabajo,Periodo de Gobierno 2001- 2006,Segunda Legislatura Ordinaria 2002,"


seguimiento
>

>







ficha de seguimiento, ""proyecto de ley 07667 ""
.
ver documentos de ley relacionados


período:periodo de gobierno 2001- 2006.legislatura:segunda legislatura ordinaria 2002
n",2001-2006,2025-09-17T20:08:58.468909
unión civil,[],"https://www2.congreso.gob.pe/Sicr/TraDocEstProc/CLProLey2001.nsf/e7414acd4ff8d62b05256cdf006c92bb/e559546afe490bc905256d7300780939?OpenDocument&Highlight=0,uni%C3%B3n,civil",RENIEC:EMISIÓN GRATUITA DEL DNI,07664,25/07/2003,Archivo,"Propone modificar el artículo 26° de la Ley Nº 26497, Ley Orgánica del Registro Nacional de Identidad y Estado Civil, RENIEC, referente a la gratuidad del Documento Nacional de Identidad (DNI).",Morales Mansilla  Pedro,Congreso,Constitución Reglamento y Acusaciones Constitucionales; Constitución y Reglamento,Periodo de Gobierno 2001- 2006,Segunda Legislatura Ordinaria 2002,"


seguimiento
>

>







ficha de seguimiento, ""proyecto de ley 07664 ""
.
ver documentos de ley relacionados


período:periodo de gobierno 2001- 2006.legislatura:segunda legislatura ordinaria 2002
n",2001-2006,2025-09-17T20:09:00.093687
unión civil,[],"https://www2.congreso.gob.pe/Sicr/TraDocEstProc/CLProLey2001.nsf/e7414acd4ff8d62b05256cdf006c92bb/0d8c08f3ff90ac3a05256d6e007c7be9?OpenDocument&Highlight=0,uni%C3%B3n,civil","CÓD.CIVIL:443,657,2061/DECLARACIÓN DE INSOLVENCIA",07659,25/07/2003,En comisión,"Propone modificar los artículos 443°, 657° y 2061° del Código Civil, en tal sentido la administración y el usufructo legales cesan por la declaración de insolvencia.",Morales Mansilla  Pedro,Congreso,Justicia y Derechos Humanos,Periodo de Gobierno 2001- 2006,Segunda Legislatura Ordinaria 2002,"


seguimiento
>

>







ficha de seguimiento, ""proyecto de ley 07659 ""
.
ver documentos de ley relacionados


período:periodo de gobierno 2001- 2006.legislatura:segunda legislatura ordinaria 2002
n",2001-2006,2025-09-17T20:09:02.412411
unión civil,[],"https://www2.congreso.gob.pe/Sicr/TraDocEstProc/CLProLey2001.nsf/e7414acd4ff8d62b05256cdf006c92bb/09f09544ba0ace4a05256d6e007c7be8?OpenDocument&Highlight=0,uni%C3%B3n,civil",CÓD.CIVIL:1058/REQUISITOS PARA LA VALIDEZ DE LA PRENDA,07658,25/07/2003,En comisión,"Propone modificar el artículo 1058º del Código Civil vigente, el cual quedará redactado con el siguiente texto:""Son requisitos para la validez de la prenda:1. Que grave el bien quien sea el propietario o quien esté autorizado legalmente.2. Que el bien se entregue física o jurídicamente al acreedor, ...",Morales Mansilla  Pedro,Congreso,Justicia y Derechos Humanos,Periodo de Gobierno 2001- 2006,Segunda Legislatura Ordinaria 2002,"


seguimiento
>

>







ficha de seguimiento, ""proyecto de ley 07658 ""
.
ver documentos de ley relacionados


período:periodo de gobierno 2001- 2006.legislatura:segunda legislatura ordinaria 2002
n",2001-2006,2025-09-17T20:09:04.040770
unión civil,[],"https://www2.congreso.gob.pe/Sicr/TraDocEstProc/CLProLey2001.nsf/e7414acd4ff8d62b05256cdf006c92bb/9dbcff4c067b1f9f05256d6e007c7be7?OpenDocument&Highlight=0,uni%C3%B3n,civil",CÓD.CIVIL:1460/EL TERCERO NO ACEPTA HACER USO DEL DERECHO,07657,25/07/2003,En comisión,"Propone modificar el artículo 1460º del Código Civil vigente, el cual quedara redactado con el siguiente texto:""Si el tercero no acepta hacer uso del derecho, el estipulante no puede exigir el beneficio en su favor, salvo pacto en contrario"".",Morales Mansilla  Pedro,Congreso,Justicia y Derechos Humanos,Periodo de Gobierno 2001- 2006,Segunda Legislatura Ordinaria 2002,"


seguimiento
>

>







ficha de seguimiento, ""proyecto de ley 07657 ""
.
ver documentos de ley relacionados


período:periodo de gobierno 2001- 2006.legislatura:segunda legislatura ordinaria 2002
n",2001-2006,2025-09-17T20:09:06.097175
unión civil,[],"https://www2.congreso.gob.pe/Sicr/TraDocEstProc/CLProLey2001.nsf/e7414acd4ff8d62b05256cdf006c92bb/6ec3da07affc1d2e05256d6e007c7be6?OpenDocument&Highlight=0,uni%C3%B3n,civil","CÓD.PROCESAL CIVIL:488,696,750/COMPETENCIA",07656,25/07/2003,En comisión,"Propone modificar los artículos 488º, 696º y 750º del Código Procesal Civil, los cuales se refieren a la competencia de los magistrados.",Morales Mansilla  Pedro,Congreso,Justicia y Derechos Humanos,Periodo de Gobierno 2001- 2006,Segunda Legislatura Ordinaria 2002,"


seguimiento
>

>







ficha de seguimiento, ""proyecto de ley 07656 ""
.
ver documentos de ley relacionados


período:periodo de gobierno 2001- 2006.legislatura:segunda legislatura ordinaria 2002
n",2001-2006,2025-09-17T20:09:08.739402
unión civil,[],"https://www2.congreso.gob.pe/Sicr/TraDocEstProc/CLProLey2001.nsf/e7414acd4ff8d62b05256cdf006c92bb/ac68b1310391c28005256d6e007c7bdc?OpenDocument&Highlight=0,uni%C3%B3n,civil",CÓD.PROCESAL CIVIL:533/FUNDAMENTO DE LA TERCERÍA,07650,25/07/2003,En comisión,"Propone modificar el artículo 533° del Código Procesal Civil, referente al fundamento de la tercería cuando el título que ampara el derecho de propiedad estuviera inscrito con posterioridad.",Morales Mansilla  Pedro,Congreso,Justicia y Derechos Humanos,Periodo de Gobierno 2001- 2006,Segunda Legislatura Ordinaria 2002,"


seguimiento
>

>







ficha de seguimiento, ""proyecto de ley 07650 ""
.
ver documentos de ley relacionados


período:periodo de gobierno 2001- 2006.legislatura:segunda legislatura ordinaria 2002
n",2001-2006,2025-09-17T20:09:10.463559
unión civil,[],"https://www2.congreso.gob.pe/Sicr/TraDocEstProc/CLProLey2001.nsf/e7414acd4ff8d62b05256cdf006c92bb/5db3a82fae5e037105256d6a007c5fe1?OpenDocument&Highlight=0,uni%C3%B3n,civil","CÓD.CIVIL:696,697/FORMALIDADES DE TESTAMENTOS POR ESC.PÚBLICA",07586,18/07/2003,En comisión,"Propone modificar los artículos 696° inciso 6, 697°, 699°, 707°, 709° y 710° del Código Civil, referente a las formalidades del Testamento por Escritura Pública",Diez Canseco Cisneros  Javier,Congreso,Justicia y Derechos Humanos,Periodo de Gobierno 2001- 2006,Segunda Legislatura Ordinaria 2002,"


seguimiento
>

>







ficha de seguimiento, ""proyecto de ley 07586 ""
.
ver documentos de ley relacionados


período:periodo de gobierno 2001- 2006.legislatura:segunda legislatura ordinaria 2002
n",2001-2006,2025-09-17T20:09:12.087461
unión civil,[],"https://www2.congreso.gob.pe/Sicr/TraDocEstProc/CLProLey2001.nsf/e7414acd4ff8d62b05256cdf006c92bb/b1bc510068af889405256d4f00044f24?OpenDocument&Highlight=0,uni%C3%B3n,civil",CÓD.CIVIL:1/LA VIDA HUMANA COMIENZA CON LA CONCEPCIÓN,07305,23/06/2003,En comisión,"Propone modificar el artículo 1º del Código Civil vigente, el cual quedará redactado con el siguiente texto:""La vida humana comienza con la concepción. El concebido es sujeto de derecho. Goza de manera actual de todos sus derechos. Los derechos personales se extinguen si el concebido muere"".",Morales Mansilla  Pedro,Congreso,Justicia,Periodo de Gobierno 2001- 2006,Segunda Legislatura Ordinaria 2002,"


seguimiento
>

>







ficha de seguimiento, ""proyecto de ley 07305 ""
.
ver documentos de ley relacionados


período:periodo de gobierno 2001- 2006.legislatura:segunda legislatura ordinaria 2002
n",2001-2006,2025-09-17T20:09:15.919208
unión civil,[],"https://www2.congreso.gob.pe/Sicr/TraDocEstProc/CLProLey2001.nsf/e7414acd4ff8d62b05256cdf006c92bb/457e8cc6b8fb07cb05256d4f00044f08?OpenDocument&Highlight=0,uni%C3%B3n,civil",CÓD.CIVIL:11/NEGARSE A SER SOMETIDO A TRATAMIENTO MÉDICO,07304,23/06/2003,En comisión,"Propone modificar el artículo 11º del Código Civil vigente, el cual quedará redactado con el siguiente texto: ""Toda persona puede negarse a ser sometida a un examen o tratamiento médico, salvo disposición legal que establezca su obligatoriedad dentro de los límites del respeto de la persona"".",Morales Mansilla  Pedro,Congreso,Justicia,Periodo de Gobierno 2001- 2006,Segunda Legislatura Ordinaria 2002,"


seguimiento
>

>







ficha de seguimiento, ""proyecto de ley 07304 ""
.
ver documentos de ley relacionados


período:periodo de gobierno 2001- 2006.legislatura:segunda legislatura ordinaria 2002
n",2001-2006,2025-09-17T20:09:17.543393
unión civil,[],"https://www2.congreso.gob.pe/Sicr/TraDocEstProc/CLProLey2001.nsf/e7414acd4ff8d62b05256cdf006c92bb/6e1ecf9aa87e92c505256d470060ad94?OpenDocument&Highlight=0,uni%C3%B3n,civil",CÓD.CIVIL:243/IMPEDIMENTOS PARA CONTRAER MATRIMONIO,07208,13/06/2003,En comisión,"Propone modificar el inciso 3 del  Artículo 243° del Código Civil  con el siguiente texto:No se permite el matrimonio: [...] 3.""De la viuda, en tanto no transcurran por lo menos trescientos días de la muerte de su marido, salvo que diera a luz o demuestre por prueba médica que no se halla embarazada...",Morales Mansilla  Pedro,Congreso,Justicia,Periodo de Gobierno 2001- 2006,Segunda Legislatura Ordinaria 2002,"


seguimiento
>

>







ficha de seguimiento, ""proyecto de ley 07208 ""
.
ver documentos de ley relacionados


período:periodo de gobierno 2001- 2006.legislatura:segunda legislatura ordinaria 2002
n",2001-2006,2025-09-17T20:09:19.385954
unión civil,[],"https://www2.congreso.gob.pe/Sicr/TraDocEstProc/CLProLey2001.nsf/e7414acd4ff8d62b05256cdf006c92bb/8c352997c8a6e6b605256d2e0056149c?OpenDocument&Highlight=0,uni%C3%B3n,civil","GOBIERNOS:REGIONALES/L.27902,CONS.COORDINACIÓN REGIONAL",06851,21/05/2003,Publicado El Peruano,"Propone agregar el artículo 11° de la Ley 27902, Ley que Modifica  la Ley Orgánica de Gobiernos Regionales N° 27867, para Regular la Participación de los Alcaldes Provinciales y la Sociedad Civil en los Gobiernos Regionales y Fortalecer el Proceso de Descentralización y Regionalización, referente al...",Ramos Loayza  Pedro,Congreso,Descentralización y Regionalización,Periodo de Gobierno 2001- 2006,Segunda Legislatura Ordinaria 2002,"


seguimiento
>

>







ficha de seguimiento, ""proyecto de ley 06851 ""
.
ver documentos de ley relacionados


período:periodo de gobierno 2001- 2006.legislatura:segunda legislatura ordinaria 2002
n",2001-2006,2025-09-17T20:09:21.015972
unión civil,[],"https://www2.congreso.gob.pe/Sicr/TraDocEstProc/CLProLey2001.nsf/e7414acd4ff8d62b05256cdf006c92bb/4a26306ec02bb2a805256d2c0052ead8?OpenDocument&Highlight=0,uni%C3%B3n,civil","MARTILLERO:PÚBL/L.27728, MODIF.ARTS.ÁMBITO DE AMPLIACIÓN",06826,16/05/2003,Publicado El Peruano,"Propone modificar diversos artículos de la Ley N° 27728, Ley del Martillero Público: 3°,""Ámbito de aplicación""; 5°,""Competencia territorial"" y 20°,""Sanciones"".",Morales Mansilla  Pedro,Congreso,Justicia; Justicia y Derechos Humanos,Periodo de Gobierno 2001- 2006,Segunda Legislatura Ordinaria 2002,"


seguimiento
>

>







ficha de seguimiento, ""proyecto de ley 06826 ""
.
ver documentos de ley relacionados


período:periodo de gobierno 2001- 2006.legislatura:segunda legislatura ordinaria 2002
n",2001-2006,2025-09-17T20:09:22.757667
unión civil,[],"https://www2.congreso.gob.pe/Sicr/TraDocEstProc/CLProLey2001.nsf/e7414acd4ff8d62b05256cdf006c92bb/2929c575aa105eca05256d2c0052ead5?OpenDocument&Highlight=0,uni%C3%B3n,civil",CÓD.CIVIL:5/A LA IDENTIDAD/A LA INTEGRIDAD SICOSOMÁTICA,06824,16/05/2003,En comisión,"Propone modificar el artículo 5° del Código Civil, referente a los derechos de la persona incluyendo el derecho a la identidad y el derecho a la integridad sicosomática.",Morales Mansilla  Pedro,Congreso,Justicia,Periodo de Gobierno 2001- 2006,Segunda Legislatura Ordinaria 2002,"


seguimiento
>

>







ficha de seguimiento, ""proyecto de ley 06824 ""
.
ver documentos de ley relacionados


período:periodo de gobierno 2001- 2006.legislatura:segunda legislatura ordinaria 2002
n",2001-2006,2025-09-17T20:09:24.381237
unión civil,[],"https://www2.congreso.gob.pe/Sicr/TraDocEstProc/CLProLey2001.nsf/e7414acd4ff8d62b05256cdf006c92bb/0f3521b0cae1776005256d270072f795?OpenDocument&Highlight=0,uni%C3%B3n,civil",CÓD.PROCESAL CIVIL:ARCHIVOS DE EXPEDIENTES FENECIDOS,06780,14/05/2003,En comisión,"Propone modificar el artículo primero de la Ley N° 27043 en lo referido a la Décimo Novena Disposición Complementaria y Final del Código Procesal Civil: ""Sólo por orden del Juez y a pedido de la autoridad universitaria correspondiente, los Auxiliares Jurisdiccionales pueden proporcionar por breve té...",Mera Ramirez  Jorge,Congreso,Justicia,Periodo de Gobierno 2001- 2006,Segunda Legislatura Ordinaria 2002,"


seguimiento
>

>







ficha de seguimiento, ""proyecto de ley 06780 ""
.
ver documentos de ley relacionados


período:periodo de gobierno 2001- 2006.legislatura:segunda legislatura ordinaria 2002
n",2001-2006,2025-09-17T20:09:26.624174
unión civil,[],"https://www2.congreso.gob.pe/Sicr/TraDocEstProc/CLProLey2001.nsf/e7414acd4ff8d62b05256cdf006c92bb/a69e0b04bc5174b705256d260079cf0b?OpenDocument&Highlight=0,uni%C3%B3n,civil",CÓD.CIVIL:3/GOCE DE DERECHOS INHERENTES AL SER HUMANO,06714,09/05/2003,En comisión,"Propone modificar el artículo 3º del Código Civil, el cual quedará redactado con el siguiente texto:"" Todos tienen el goce de los derechos inherentes al ser humano, salvo las limitaciones a su ejercicio expresamente establecidos por Ley""",Morales Mansilla  Pedro,Congreso,Justicia,Periodo de Gobierno 2001- 2006,Segunda Legislatura Ordinaria 2002,"


seguimiento
>

>







ficha de seguimiento, ""proyecto de ley 06714 ""
.
ver documentos de ley relacionados


período:periodo de gobierno 2001- 2006.legislatura:segunda legislatura ordinaria 2002
n",2001-2006,2025-09-17T20:09:28.370430
unión civil,[],"https://www2.congreso.gob.pe/Sicr/TraDocEstProc/CLProLey2001.nsf/e7414acd4ff8d62b05256cdf006c92bb/c12382005a18810705256d24007aafcc?OpenDocument&Highlight=0,uni%C3%B3n,civil","CÓD.CIVIL:TÍT.II,SEGUNDA SECC.LIBRO I/ASOCIACIONES",06560,23/04/2003,En comisión,"Propone modificar el Título II de la Segunda Sección del Libro I del Código Civil, referente al Consejo de Supervigilancia de Asociaciones.",Lescano Ancieta  Yonhy,Congreso,Justicia,Periodo de Gobierno 2001- 2006,Segunda Legislatura Ordinaria 2002,"


seguimiento
>

>







ficha de seguimiento, ""proyecto de ley 06560 ""
.
ver documentos de ley relacionados


período:periodo de gobierno 2001- 2006.legislatura:segunda legislatura ordinaria 2002
n",2001-2006,2025-09-17T20:09:30.100549
unión civil,[],"https://www2.congreso.gob.pe/Sicr/TraDocEstProc/CLProLey2001.nsf/e7414acd4ff8d62b05256cdf006c92bb/d28a8d4c4a4d004505256d24007aaf3f?OpenDocument&Highlight=0,uni%C3%B3n,civil",CÓD.PROCESAL CIVIL:82/PATROCINIO DE INTERESES DIFUSOS,06462,11/04/2003,En comisión,"Propone modificar el artículo 82° del Código Procesal Civil, referente al patrimonio de intereses difusos.",Morales Mansilla  Pedro,Congreso,Justicia,Periodo de Gobierno 2001- 2006,Segunda Legislatura Ordinaria 2002,"


seguimiento
>

>







ficha de seguimiento, ""proyecto de ley 06462 ""
.
ver documentos de ley relacionados


período:periodo de gobierno 2001- 2006.legislatura:segunda legislatura ordinaria 2002
n",2001-2006,2025-09-17T20:09:31.721927
unión civil,[],"https://www2.congreso.gob.pe/Sicr/TraDocEstProc/CLProLey2001.nsf/e7414acd4ff8d62b05256cdf006c92bb/5d14b1a305e4b44605256d24007aac9e?OpenDocument&Highlight=0,uni%C3%B3n,civil","PIROTÉCNICOS:L.27718,PÓLIZAS DE SEGUROS CONTRA ACCIDENTES",06016,19/03/2003,Publicado El Peruano,"Propone modificar el artículo 2° de la Ley N° 27718, Ley que Regula la Fabricación, impotación, depósito, transporte, comercialización y uso de productos pirotécnicos.",Morales Mansilla  Pedro,Congreso,Justicia; Defensa Nacional Orden Interno e Inteligencia; Defensa Nacional  Orden Interno  Inteligencia  Desarrollo Alternativo y Lucha Contra las Drogas; Justicia y Derechos Humanos,Periodo de Gobierno 2001- 2006,Segunda Legislatura Ordinaria 2002,"


seguimiento
>

>







ficha de seguimiento, ""proyecto de ley 06016 ""
.
ver documentos de ley relacionados


período:periodo de gobierno 2001- 2006.legislatura:segunda legislatura ordinaria 2002
n",2001-2006,2025-09-17T20:09:33.758165
unión civil,[],"https://www2.congreso.gob.pe/Sicr/TraDocEstProc/CLProLey2001.nsf/e7414acd4ff8d62b05256cdf006c92bb/32b55da36eb6af0e05256d24007aac11?OpenDocument&Highlight=0,uni%C3%B3n,civil",RENIEC:PERFECCIONA LEGISLACIÓN REFERENTE AL DNI,05923,12/03/2003,Aprobado,"Propone perfeccionar la legislación referente al Documento Nacional de Identidad y que modifica los artículos 32° y 37° de la Ley N° 26497, Ley Orgánica del Registro Nacional de Identificación y Estado Civil -RENIEC-.",Carhuaricra Meza  Eduardo,Congreso,Constitución Reglamento y Acusaciones Constitucionales; Constitución y Reglamento,Periodo de Gobierno 2001- 2006,Segunda Legislatura Ordinaria 2002,"


seguimiento
>

>







ficha de seguimiento, ""proyecto de ley 05923 ""
.
ver documentos de ley relacionados


período:periodo de gobierno 2001- 2006.legislatura:segunda legislatura ordinaria 2002
n",2001-2006,2025-09-17T20:09:35.385585
unión civil,[],"https://www2.congreso.gob.pe/Sicr/TraDocEstProc/CLProLey2001.nsf/e7414acd4ff8d62b05256cdf006c92bb/4c01ce6c673212cd05256d24007aabea?OpenDocument&Highlight=0,uni%C3%B3n,civil",CONCILIACIÓN:DEROG.OBLIGATORIEDAD DE CONCILIACIÓN JUDICIAL,05896,11/03/2003,En comisión,"Propone modificar diversos artículos del Código Procesal Civil, mediante los cuales derogan la obligatoriedad de la conciliación judicial dentro de un proceso judicial.",Amprimo Pla  Natale,Congreso,Justicia,Periodo de Gobierno 2001- 2006,Segunda Legislatura Ordinaria 2002,"


seguimiento
>

>







ficha de seguimiento, ""proyecto de ley 05896 ""
.
ver documentos de ley relacionados


período:periodo de gobierno 2001- 2006.legislatura:segunda legislatura ordinaria 2002
n",2001-2006,2025-09-17T20:09:37.013430
unión civil,[],"https://www2.congreso.gob.pe/Sicr/TraDocEstProc/CLProLey2001.nsf/e7414acd4ff8d62b05256cdf006c92bb/2d124f80f8e8afb405256d24007aab38?OpenDocument&Highlight=0,uni%C3%B3n,civil","CÓD.PROCESAL CIVIL:546,547/TRÁMITE SUMARÍSIMO/FILIACIÓN EXTRAM.",05781,03/03/2003,Publicado El Peruano,"Propone modificar los artículos 546° y 547° del Código Procesal Civil, e incorpora al trámite sumarísimo a la filiación extramatrimonial.",Lescano Ancieta  Yonhy,Congreso,Justicia; Justicia y Derechos Humanos,Periodo de Gobierno 2001- 2006,Segunda Legislatura Ordinaria 2002,"


seguimiento
>

>







ficha de seguimiento, ""proyecto de ley 05781 ""
.
ver documentos de ley relacionados


período:periodo de gobierno 2001- 2006.legislatura:segunda legislatura ordinaria 2002
n",2001-2006,2025-09-17T20:09:38.753676
unión civil,[],"https://www2.congreso.gob.pe/Sicr/TraDocEstProc/CLProLey2001.nsf/e7414acd4ff8d62b05256cdf006c92bb/00a32bb0d84c3e3505256d24007aaa44?OpenDocument&Highlight=0,uni%C3%B3n,civil",CÓD.CIVIL:896/DEFINICIÓN DE POSESIÓN,05617,13/02/2003,En comisión,"Modifica el artículo 896° del Código Civil, referente a la definición de la posesión, que establece que la posesión es el ejercicio de hecho o de derecho que otorga el uso o el disfrute de un bien.",Lescano Ancieta  Yonhy,Congreso,Justicia,Periodo de Gobierno 2001- 2006,Primera Legislatura Ordinaria 2002,"


seguimiento
>

>







ficha de seguimiento, ""proyecto de ley 05617 ""
.
ver documentos de ley relacionados


período:periodo de gobierno 2001- 2006.legislatura:primera legislatura ordinaria 2002
n",2001-2006,2025-09-17T20:09:40.487337
unión civil,[],"https://www2.congreso.gob.pe/Sicr/TraDocEstProc/CLProLey2001.nsf/e7414acd4ff8d62b05256cdf006c92bb/9d2bb5419d52093b05256d24007aa996?OpenDocument&Highlight=0,uni%C3%B3n,civil",COMISIÓN:DE REFORMA DE ADMINISTRACIÓN DE JUSTICIA,05512,04/02/2003,Publicado El Peruano,"Propone considerar de alta prioridad la conformación de una Comisión Especial, encargada de la Reforma de la Administración de Justicia.",Gonzales Reinoso  Luis,Congreso,Justicia; Justicia y Derechos Humanos,Periodo de Gobierno 2001- 2006,Primera Legislatura Ordinaria 2002,"


seguimiento
>

>







ficha de seguimiento, ""proyecto de ley 05512 ""
.
ver documentos de ley relacionados


período:periodo de gobierno 2001- 2006.legislatura:primera legislatura ordinaria 2002
n",2001-2006,2025-09-17T20:09:42.110656
unión civil,[],"https://www2.congreso.gob.pe/Sicr/TraDocEstProc/CLProLey2001.nsf/e7414acd4ff8d62b05256cdf006c92bb/0fd1e2cbe921539f05256d24007aa971?OpenDocument&Highlight=0,uni%C3%B3n,civil",DNI:MODIFICA VALIDEZ DE DOCUMENTO NACIONAL DE IDENTIDAD,05486,31/01/2003,Aprobado,"Propuesta de Ley que modifica el artículo 37º de la Ley Nº 26497, Ley Orgánica del Registro Nacional de Identificación y Estado Civil -RENIEC-, modificando ,en consecuencia, la validez del Documento Nacional de Identidad -DNI-.",Gonzales Reinoso  Luis,Congreso,Constitución Reglamento y Acusaciones Constitucionales; Constitución y Reglamento,Periodo de Gobierno 2001- 2006,Primera Legislatura Ordinaria 2002,"


seguimiento
>

>







ficha de seguimiento, ""proyecto de ley 05486 ""
.
ver documentos de ley relacionados


período:periodo de gobierno 2001- 2006.legislatura:primera legislatura ordinaria 2002
n",2001-2006,2025-09-17T20:09:43.728839
unión civil,[],"https://www2.congreso.gob.pe/Sicr/TraDocEstProc/CLProLey2001.nsf/e7414acd4ff8d62b05256cdf006c92bb/b44af4ce4b4997ef05256d24007aa944?OpenDocument&Highlight=0,uni%C3%B3n,civil",CÓD.CIVIL:1257/PAGO DEUDA APLICAR AL 50% INTERESES Y GASTOS,05455,30/01/2003,En comisión,"Propone modificar el artículo 1257° del Código Civil, referida a aplicar el pago del cincuento por ciento del capital y el cincuenta por ciento a los intereses y gastos.",Morales Mansilla  Pedro,Congreso,Justicia,Periodo de Gobierno 2001- 2006,Primera Legislatura Ordinaria 2002,"


seguimiento
>

>







ficha de seguimiento, ""proyecto de ley 05455 ""
.
ver documentos de ley relacionados


período:periodo de gobierno 2001- 2006.legislatura:primera legislatura ordinaria 2002
n",2001-2006,2025-09-17T20:09:45.352040
unión civil,[],"https://www2.congreso.gob.pe/Sicr/TraDocEstProc/CLProLey2001.nsf/e7414acd4ff8d62b05256cdf006c92bb/5977f101dc77636505256d24007aa8da?OpenDocument&Highlight=0,uni%C3%B3n,civil",SOAT:COMITÉ EVALUAR REGLAMENTO NAC.RESPOSABILIDAD CIVIL,05381,24/01/2003,Publicado El Peruano,Propone conformar Comité Especial para evaluar D.S.049-2000-MTC Reglamento Nacional de Responsabilidad Civil y Seguros Obligatorios por Accidentes de Tránsito (SOAT).,Gonzales Reinoso  Luis,Congreso,Transportes y Comunicaciones; Defensa del Consumidor y Organismos Reguladores de los Servicios Públicos; Banca  Finanzas e Inteligencia Financiera,Periodo de Gobierno 2001- 2006,Primera Legislatura Ordinaria 2002,"


seguimiento
>

>







ficha de seguimiento, ""proyecto de ley 05381 ""
.
ver documentos de ley relacionados


período:periodo de gobierno 2001- 2006.legislatura:primera legislatura ordinaria 2002
n",2001-2006,2025-09-17T20:09:46.985760
unión civil,[],"https://www2.congreso.gob.pe/Sicr/TraDocEstProc/CLProLey2001.nsf/e7414acd4ff8d62b05256cdf006c92bb/6d73a8a82cd116e205256d24007aa503?OpenDocument&Highlight=0,uni%C3%B3n,civil","CÓD.PROCESAL CIVIL:446,449,451/PLUSPETICIÓN/EXCEPCIONES",04771,28/11/2002,En comisión,"Propone modificar diversos artículos del Código Procesal Civil: 446°,""Plus petición como excepción en la acción de obligación de dar suma de dinero""; 449°,""Medios probatorios, excepción de Plus Petición""; 451°,""Consentida la excepción se agrega al principal"".",Lescano Ancieta  Yonhy,Congreso,Justicia,Periodo de Gobierno 2001- 2006,Primera Legislatura Ordinaria 2002,"


seguimiento
>

>







ficha de seguimiento, ""proyecto de ley 04771 ""
.
ver documentos de ley relacionados


período:periodo de gobierno 2001- 2006.legislatura:primera legislatura ordinaria 2002
n",2001-2006,2025-09-17T20:09:48.604386
unión civil,[],"https://www2.congreso.gob.pe/Sicr/TraDocEstProc/CLProLey2001.nsf/e7414acd4ff8d62b05256cdf006c92bb/8dd6aa3282d172d505256d24007aa4b8?OpenDocument&Highlight=0,uni%C3%B3n,civil","GOBIERNOS:REGIONALES/CAUSALES REVOCATORIA PRES,VICEP.",04727,26/11/2002,Publicado El Peruano,"Propone establecer causales para la revocatoria del mandato de Presidente, Vicepresidentes y Consejeros de los Gobiernos Regionales.",Ramos Cuya  Eittel,Congreso,Descentralización y Regionalización,Periodo de Gobierno 2001- 2006,Primera Legislatura Ordinaria 2002,"


seguimiento
>

>







ficha de seguimiento, ""proyecto de ley 04727 ""
.
ver documentos de ley relacionados


período:periodo de gobierno 2001- 2006.legislatura:primera legislatura ordinaria 2002
n",2001-2006,2025-09-17T20:09:50.233678
unión civil,[],"https://www2.congreso.gob.pe/Sicr/TraDocEstProc/CLProLey2001.nsf/e7414acd4ff8d62b05256cdf006c92bb/a39ef3dc23ed5bf005256d24007aa491?OpenDocument&Highlight=0,uni%C3%B3n,civil",GOBIERNOS:REGIONALES/FUNC.MATERIA TELECOMUNICACIONES,04703,22/11/2002,Publicado El Peruano,"Propone modificar el artículo 57° de la Ley N° 27867, Ley Orgánica de Gobiernos Regionales, concerniente a las funciones en materia de telecomunicaciones.",Gonzales Reinoso  Luis,Congreso,Descentralización y Regionalización,Periodo de Gobierno 2001- 2006,Primera Legislatura Ordinaria 2002,"


seguimiento
>

>







ficha de seguimiento, ""proyecto de ley 04703 ""
.
ver documentos de ley relacionados


período:periodo de gobierno 2001- 2006.legislatura:primera legislatura ordinaria 2002
n",2001-2006,2025-09-17T20:09:51.862875
unión civil,[],"https://www2.congreso.gob.pe/Sicr/TraDocEstProc/CLProLey2001.nsf/e7414acd4ff8d62b05256cdf006c92bb/c0222441af35585505256d24007aa48f?OpenDocument&Highlight=0,uni%C3%B3n,civil","GOBIERNOS:REGIONALES/L.27867,ESTRUC.BÁSICA,CONSEJO COORD.",04702,22/11/2002,Publicado El Peruano,"Propone modificar el artículo 11° de la Ley N° 27867, Ley Orgánica de Gobiernos Regionales, el cual se refiere a la estructura básica.",Gonzales Reinoso  Luis,Congreso,Descentralización y Regionalización,Periodo de Gobierno 2001- 2006,Primera Legislatura Ordinaria 2002,"


seguimiento
>

>







ficha de seguimiento, ""proyecto de ley 04702 ""
.
ver documentos de ley relacionados


período:periodo de gobierno 2001- 2006.legislatura:primera legislatura ordinaria 2002
n",2001-2006,2025-09-17T20:09:53.482044
unión civil,[],"https://www2.congreso.gob.pe/Sicr/TraDocEstProc/CLProLey2001.nsf/e7414acd4ff8d62b05256cdf006c92bb/f25ecd19055e1e5c05256d24007aa43b?OpenDocument&Highlight=0,uni%C3%B3n,civil","GOBIERNOS:LOCALES/L.27867,RÉGIMEN DE SESIONES",04655,20/11/2002,Publicado El Peruano,"Propone modificar el primer párrafo del inciso b) del artículo 14° y el tercer párrafo del inciso a) del artículo 19° de la Ley N° 27867, referidos al régimen de sesiones; dietas y licencias respectivamente.",Ramos Loayza  Pedro,Congreso,Descentralización y Regionalización,Periodo de Gobierno 2001- 2006,Primera Legislatura Ordinaria 2002,"


seguimiento
>

>







ficha de seguimiento, ""proyecto de ley 04655 ""
.
ver documentos de ley relacionados


período:periodo de gobierno 2001- 2006.legislatura:primera legislatura ordinaria 2002
n",2001-2006,2025-09-17T20:09:55.221087
unión civil,[],"https://www2.congreso.gob.pe/Sicr/TraDocEstProc/CLProLey2001.nsf/e7414acd4ff8d62b05256cdf006c92bb/1fad360179faf68e05256d24007aa38a?OpenDocument&Highlight=0,uni%C3%B3n,civil","CÓD.CIVIL:364,367/DERECHO DE IMPUGNAR LA PATERNIDAD",04556,12/11/2002,En comisión,"Propone modificar los artículos 364° y 367° del Código Civil, relativo a amplíar el derecho de impugnar la paternidad al hijo y a la madre.",Lescano Ancieta  Yonhy,Congreso,Justicia; Salud Población Familia y Personas con Discapacidad,Periodo de Gobierno 2001- 2006,Primera Legislatura Ordinaria 2002,"


seguimiento
>

>







ficha de seguimiento, ""proyecto de ley 04556 ""
.
ver documentos de ley relacionados


período:periodo de gobierno 2001- 2006.legislatura:primera legislatura ordinaria 2002
n",2001-2006,2025-09-17T20:09:56.842347
unión civil,[],"https://www2.congreso.gob.pe/Sicr/TraDocEstProc/CLProLey2001.nsf/e7414acd4ff8d62b05256cdf006c92bb/d62573fe2125ec3a05256d24007aa1c5?OpenDocument&Highlight=0,uni%C3%B3n,civil","CÓD.PROCESAL PENAL:95,96,100/TERCERO CIVIL RESPONSABLE",04287,21/10/2002,En comisión,"Propone la modificatoria de los artículos 95º, 96º y 100º del Código de Procedimientos Penales, incorporando a las empresas aseguradoras como parte en el proceso penal por accidentes de tránsito, en su condición de tercero civil responsable, para efectos de la reparación civil.",Morales Mansilla  Pedro,Congreso,Justicia; Transportes y Comunicaciones,Periodo de Gobierno 2001- 2006,Primera Legislatura Ordinaria 2002,"


seguimiento
>

>







ficha de seguimiento, ""proyecto de ley 04287 ""
.
ver documentos de ley relacionados


período:periodo de gobierno 2001- 2006.legislatura:primera legislatura ordinaria 2002
n",2001-2006,2025-09-17T20:09:58.465753
unión civil,[],"https://www2.congreso.gob.pe/Sicr/TraDocEstProc/CLProLey2001.nsf/e7414acd4ff8d62b05256cdf006c92bb/a769de04e4e388b405256d24007a99bd?OpenDocument&Highlight=0,uni%C3%B3n,civil","CÓD.PROCESAL CIVIL:546/PROCEDENCIA,ESTIMACIÓN PATRIMONIAL",03174,14/06/2002,En comisión,"Propone modificar el artículo 546° numeral 7 del Código Procesal Civil, el cual se refiere a que se tramitan en proceso sumarísimo aquellos asuntos contenciosos cuya estimación patrimonial no sea mayor de treinta Unidades de Referencia Procesal.",Morales Mansilla  Pedro,Congreso,Justicia,Periodo de Gobierno 2001- 2006,Segunda Legislatura Ordinaria 2001,"


seguimiento
>

>







ficha de seguimiento, ""proyecto de ley 03174 ""
.
 ver expediente digital  


período:periodo de gobierno 2001- 2006.legislatura:segunda legislatura ordinaria 2001
número:031",2001-2006,2025-09-17T20:10:00.089210
unión civil,[],"https://www2.congreso.gob.pe/Sicr/TraDocEstProc/CLProLey2001.nsf/e7414acd4ff8d62b05256cdf006c92bb/d6263ed58d88152305256d24007a9997?OpenDocument&Highlight=0,uni%C3%B3n,civil",SECIGRA:PYMES/CREA EL SERVICIO CIVIL DE GRADUANDOS,03151,12/06/2002,Publicado El Peruano,"Propone la creación del Servicio Civil de Graduandos PYMES, para alumnos del último año de las carreras de Contabilidad, Economía y Administración de Empresas y del SENATI.",Gonzales Reinoso  Luis,Congreso,Educación Ciencia y Tecnología; Industria Comercio Turismo y PYMES; Producción y Pymes,Periodo de Gobierno 2001- 2006,Segunda Legislatura Ordinaria 2001,"


seguimiento
>

>







ficha de seguimiento, ""proyecto de ley 03151 ""
.
ver documentos de ley relacionados


período:periodo de gobierno 2001- 2006.legislatura:segunda legislatura ordinaria 2001
n",2001-2006,2025-09-17T20:10:01.893742
unión civil,[],"https://www2.congreso.gob.pe/Sicr/TraDocEstProc/CLProLey2001.nsf/e7414acd4ff8d62b05256cdf006c92bb/99c55012bff5834a05256d24007a9860?OpenDocument&Highlight=0,uni%C3%B3n,civil",CÓD.CIVIL:402/PATERNIDAD EXTRAMATRIMONIAL,02983,24/05/2002,Publicado El Peruano,"Propone modificar el artículo 402° del Código Civil y el artículo 5° de la Ley N° 27048, los cuales se refieren a la declaración de paternidad extramatrimonial.",Lescano Ancieta  Yonhy,Congreso,Justicia; Justicia y Derechos Humanos,Periodo de Gobierno 2001- 2006,Segunda Legislatura Ordinaria 2001,"


seguimiento
>

>







ficha de seguimiento, ""proyecto de ley 02983 ""
.
ver documentos de ley relacionados


período:periodo de gobierno 2001- 2006.legislatura:segunda legislatura ordinaria 2001
n",2001-2006,2025-09-17T20:10:03.516199
unión civil,[],"https://www2.congreso.gob.pe/Sicr/TraDocEstProc/CLProLey2001.nsf/e7414acd4ff8d62b05256cdf006c92bb/f2733367767ef4dc05256d24007a9490?OpenDocument&Highlight=0,uni%C3%B3n,civil",MEDIOS:COMUNICACIÓN/RESPONSAB.CIVIL HONOR DE LA PERSONA,02477,09/04/2002,En comisión,Propone establecer responsabilidad civil extracontractual por los daños ocasionados al honor de la persona a través de los medios de comunicación.,Gonzales Reinoso  Luis,Congreso,Justicia,Periodo de Gobierno 2001- 2006,Segunda Legislatura Ordinaria 2001,"


seguimiento
>

>







ficha de seguimiento, ""proyecto de ley 02477 ""
.
 ver expediente digital  


período:periodo de gobierno 2001- 2006.legislatura:segunda legislatura ordinaria 2001
número:024",2001-2006,2025-09-17T20:10:05.140678
unión civil,[],"https://www2.congreso.gob.pe/Sicr/TraDocEstProc/CLProLey2001.nsf/e7414acd4ff8d62b05256cdf006c92bb/36322c6a95ce051905256d24007a9471?OpenDocument&Highlight=0,uni%C3%B3n,civil","CÓD.PROCESAL CIVIL:701,721/PLAZO AUDIENCIA CONCILIACIÓN",02456,08/04/2002,En comisión,"Propone modificar los artículos 701° y 721° del Código Procesal Civil, los cuales se refieren al plazo en que el juez citará a audiencia de conciliación en caso de contradicción.",Lescano Ancieta  Yonhy,Congreso,Justicia,Periodo de Gobierno 2001- 2006,Segunda Legislatura Ordinaria 2001,"


seguimiento
>

>







ficha de seguimiento, ""proyecto de ley 02456 ""
.
 ver expediente digital  


período:periodo de gobierno 2001- 2006.legislatura:segunda legislatura ordinaria 2001
número:024",2001-2006,2025-09-17T20:10:06.764514
unión civil,[],"https://www2.congreso.gob.pe/Sicr/TraDocEstProc/CLProLey2001.nsf/e7414acd4ff8d62b05256cdf006c92bb/79db2808a16fe94c05256d24007a9192?OpenDocument&Highlight=0,uni%C3%B3n,civil","CÓD.PROCESAL CIVIL:742,744/OBLIGATORIEDAD DE ADJUDICACIÓN",02057,21/02/2002,Publicado El Peruano,"Propone modificar los artículos 742° y 744° del Código Procesal Civil, el cual se refiere a la obligatoriedad de la adjudicación directa del bien a favor del ejecutante en segunda convocatoria.",Lescano Ancieta  Yonhy,Congreso,Justicia,Periodo de Gobierno 2001- 2006,Primera Legislatura Ordinaria 2001,"


seguimiento
>

>







ficha de seguimiento, ""proyecto de ley 02057 ""
.
 ver expediente digital  


período:periodo de gobierno 2001- 2006.legislatura:primera legislatura ordinaria 2001
número:020",2001-2006,2025-09-17T20:10:08.379255
unión civil,[],"https://www2.congreso.gob.pe/Sicr/TraDocEstProc/CLProLey2001.nsf/e7414acd4ff8d62b05256cdf006c92bb/142d8c4157eb725505256d24007a9042?OpenDocument&Highlight=0,uni%C3%B3n,civil",CÓD.PROCESAL CIVIL:367/APELACIÓN/TASA JUDICIAL,01865,22/01/2002,Publicado El Peruano,"Propone modificar el artículo 367° del Código Procesal Civil, el cual se refiere al Recurso de Apelación.",Lescano Ancieta  Yonhy,Congreso,Justicia,Periodo de Gobierno 2001- 2006,Primera Legislatura Ordinaria 2001,"


seguimiento
>

>







ficha de seguimiento, ""proyecto de ley 01865 ""
.
ver documentos de ley relacionados


período:periodo de gobierno 2001- 2006.legislatura:primera legislatura ordinaria 2001
n",2001-2006,2025-09-17T20:10:10.000570
unión civil,[],"https://www2.congreso.gob.pe/Sicr/TraDocEstProc/CLProLey2001.nsf/e7414acd4ff8d62b05256cdf006c92bb/40357f370d26330205256d24007a8fdb?OpenDocument&Highlight=0,uni%C3%B3n,civil",CÓD.PROCESAL CIVIL:180/AUXILIO JUDICIAL/APELACIÓN/CASACIÓN,01809,16/01/2002,Archivo,"Propone modificar los siguientes artículos del Código Procesal Civil:180°,""Auxilio Judicial"";367°,""Apelación o Adhesión"";387°,""Recurso de Casación"";390°,""Requisitos Recurso de Casación"".",Morales Mansilla  Pedro,Congreso,Justicia; Justicia y Derechos Humanos,Periodo de Gobierno 2001- 2006,Primera Legislatura Ordinaria 2001,"


seguimiento
>

>







ficha de seguimiento, ""proyecto de ley 01809 ""
.
 ver expediente digital  


período:periodo de gobierno 2001- 2006.legislatura:primera legislatura ordinaria 2001
número:018",2001-2006,2025-09-17T20:10:11.625994
unión civil,[],"https://www2.congreso.gob.pe/Sicr/TraDocEstProc/CLProLey2001.nsf/e7414acd4ff8d62b05256cdf006c92bb/698676302b0a0a1c05256d24007a8d5c?OpenDocument&Highlight=0,uni%C3%B3n,civil",CÓD.CIVIL:1249/INTERESES BANCARIOS,01471,03/12/2001,Orden del Día,"Propone modificar artículos de la Ley N° 26702, Decreto Ley N° 26123 y artículo 1249° del Código Civil, sobre intereses bancarios.",Morales Mansilla  Pedro,Congreso,Justicia; Economía; Defensa del Consumidor y Organismos Reguladores de los Servicios Públicos; Banca  Finanzas e Inteligencia Financiera; Justicia y Derechos Humanos,Periodo de Gobierno 2001- 2006,Primera Legislatura Ordinaria 2001,"


seguimiento
>

>







ficha de seguimiento, ""proyecto de ley 01471 ""
.
ver documentos de ley relacionados


período:periodo de gobierno 2001- 2006.legislatura:primera legislatura ordinaria 2001
n",2001-2006,2025-09-17T20:10:13.255648
unión civil,[],"https://www2.congreso.gob.pe/Sicr/TraDocEstProc/CLProLey2001.nsf/e7414acd4ff8d62b05256cdf006c92bb/b400f49eaa55cae205256d24007a8d5b?OpenDocument&Highlight=0,uni%C3%B3n,civil",CÓD.CIVIL:1664/MUTUO DE DINERO/SISTEMA FINANCIERO,01470,03/12/2001,En comisión,Propone creación de registro de personas naturales y jurídicas dedicada a actividades descritas por el artículo 11° inciso 1° de la Ley General del Sistema Financiero.(Artículo 1664º del Código Civil).,Morales Mansilla  Pedro,Congreso,Justicia; Economía; Banca  Finanzas e Inteligencia Financiera,Periodo de Gobierno 2001- 2006,Primera Legislatura Ordinaria 2001,"


seguimiento
>

>







ficha de seguimiento, ""proyecto de ley 01470 ""
.
 ver expediente digital  


período:periodo de gobierno 2001- 2006.legislatura:primera legislatura ordinaria 2001
número:014",2001-2006,2025-09-17T20:10:14.883992
unión civil,[],"https://www2.congreso.gob.pe/Sicr/TraDocEstProc/CLProLey2001.nsf/e7414acd4ff8d62b05256cdf006c92bb/d693c9ab031e677905256d24007a8617?OpenDocument&Highlight=0,uni%C3%B3n,civil","CÓD.CIVIL:326,474/EFECTOS DE LA UNIÓN DE HECHO/ALIMENTOS",00429,23/08/2001,En comisión,"Propone modificar los artículos 326° y 474° del Código Civil, los cuales se refieren a los siguientes temas: ""Efectos de la Unión de Hecho"" y ""Obligación recíproca de alimentos"".",De la Mata Fernández  Judith,Congreso,Justicia,Periodo de Gobierno 2001- 2006,Primera Legislatura Ordinaria 2001,"


seguimiento
>

>







ficha de seguimiento, ""proyecto de ley 00429 ""
.
 ver expediente digital  


período:periodo de gobierno 2001- 2006.legislatura:primera legislatura ordinaria 2001
número:004",2001-2006,2025-09-17T20:10:16.822195
unión civil,[],"https://www2.congreso.gob.pe/Sicr/TraDocEstProc/CLProLey2001.nsf/e7414acd4ff8d62b05256cdf006c92bb/4e5e34347449d7ea05256d24007a84ee?OpenDocument&Highlight=0,uni%C3%B3n,civil","CÓD.PROCESAL CIVIL:122,157,554,555/MODIFICA ARTÍCULOS",00258,08/08/2001,Publicado El Peruano,"Propone la modificatoria de los siguientes artículos del Código Procesal Civil:122°,""Contenido y suscripción de las resoluciones"";157°,""Notificación por cédula"";554°,""Contestación de la demanda.-Audiencia única"";555°,""Actuación"".",Estrada Pérez  Daniel,Congreso,Justicia,Periodo de Gobierno 2001- 2006,Primera Legislatura Ordinaria 2001,"


seguimiento
>

>







ficha de seguimiento, ""proyecto de ley 00258 ""
.
ver documentos de ley relacionados


período:periodo de gobierno 2001- 2006.legislatura:primera legislatura ordinaria 2001
n",2001-2006,2025-09-17T20:10:18.446858
unión civil,[],"https://www2.congreso.gob.pe/Sicr/TraDocEstProc/CLProLey2001.nsf/e7414acd4ff8d62b05256cdf006c92bb/98c0e5024203982e05256d24007a84cd?OpenDocument&Highlight=0,uni%C3%B3n,civil",SOCIEDADES:L.26887/EXCEPCIÓN  PRESUNCIÓN DE EXTINCIÓN,00238,06/08/2001,En comisión,"Propuesta de Ley que establece la Excepción a la Presunción de Extinción por Prolongada Inactividad de toda Sociedad,mercantil o civil,establecida en la Décima Disposición Transitoria de la Ley N°26887,Ley General de Sociedades.",Amprimo Pla  Natale,Congreso,Justicia,Periodo de Gobierno 2001- 2006,Primera Legislatura Ordinaria 2001,"


seguimiento
>

>







ficha de seguimiento, ""proyecto de ley 00238 ""
.
 ver expediente digital  


período:periodo de gobierno 2001- 2006.legislatura:primera legislatura ordinaria 2001
número:002",2001-2006,2025-09-17T20:10:20.069541
no discriminación,['no discriminación'],"https://www2.congreso.gob.pe/Sicr/TraDocEstProc/CLProLey2001.nsf/e7414acd4ff8d62b05256cdf006c92bb/84edad706061f6a905257124007b430a?OpenDocument&Highlight=0,no,discriminaci%C3%B3n",ENFERMEDADES:ONCOLÓGICAS/LEY DE NO DISCRIMINACIÓN A PERS.POR...,14420/2005-CR,01/03/2006,En comisión,Propone ley de no discriminación y fomento del empleo de las personas afectadas por enfermedades oncológicas.,Palomino Sulca  Celina,Congreso,Salud Población Familia y Personas con Discapacidad,Periodo de Gobierno 2001- 2006,Segunda Legistarura Ordinaria 2005,"03/2006
proponente:congreso
grupo parlamentario:perú posible
título:enfermedades:oncológicas/ley de no discriminación a pers.por... 
sumilla:  propone ley de no discriminación y fomento del empleo de",2001-2006,2025-09-17T20:10:32.135087
no discriminación,['no discriminación'],"https://www2.congreso.gob.pe/Sicr/TraDocEstProc/CLProLey2001.nsf/e7414acd4ff8d62b05256cdf006c92bb/71bcf9c75149519f05256f2e00009850?OpenDocument&Highlight=0,no,discriminaci%C3%B3n",EDUCACIÓN:NO DISCRIMINACIÓN POR ESTADO CIVIL DE LOS PADRES,11690/2004-CR,14/10/2004,Archivo,"Propone modificar el artículo 14° de la Ley núm. 27337, sobre la no discriminación de los niños y adolescentes en centros educativos por el estado civil de sus padres.",Velarde Arrunátegui  Víctor,Congreso,Mujer y Desarrollo Social,Periodo de Gobierno 2001- 2006,Primera Legislatura Ordinaria 2004,"ón:14/10/2004
proponente:congreso
grupo parlamentario:célula parlamentaria aprista
título:educación:no discriminación por estado civil de los padres 
sumilla:  propone modificar el artículo 14° de la",2001-2006,2025-09-17T20:10:33.869342
no discriminación,[],"https://www2.congreso.gob.pe/Sicr/TraDocEstProc/CLProLey2001.nsf/e7414acd4ff8d62b05256cdf006c92bb/4821b5d12d13153b05256dd70079ca1f?OpenDocument&Highlight=0,no,discriminaci%C3%B3n","DISCRIMINACIÓN:EN LOS MEDIOS DE COMUNICACIÓN,PROHIBE...",08897,06/11/2003,En comisión,Propone prohibir la discriminación en los medios de comunicación.,Moyano Delgado  Martha Lupe,Congreso,Transportes y Comunicaciones,Periodo de Gobierno 2001- 2006,Primera Legislatura Ordinaria 2003,"


seguimiento
>

>







ficha de seguimiento, ""proyecto de ley 08897 ""
.
 ver expediente digital  


período:periodo de gobierno 2001- 2006.legislatura:primera legislatura ordinaria 2003
número:088",2001-2006,2025-09-17T20:10:35.499904
no discriminación,['no discriminación'],"https://www2.congreso.gob.pe/Sicr/TraDocEstProc/CLProLey2001.nsf/e7414acd4ff8d62b05256cdf006c92bb/660abfa1d78f5cac05256d5e000c9021?OpenDocument&Highlight=0,no,discriminaci%C3%B3n",DISCAPACIDAD:NO DISCRIMINACIÓN E IGUALDAD DE OPORTUNIDADES,07512,08/07/2003,Aprobado,Propone establecer medidas para garantizar y hacer efectivo el derecho a la igualdad de oportunidades de las personas con discapacidad.,Yanarico Huanca  Rosa,Congreso,Salud Población Familia y Personas con Discapacidad; Derechos Humanos; Justicia y Derechos Humanos,Periodo de Gobierno 2001- 2006,Segunda Legislatura Ordinaria 2002,"ha presentación:08/07/2003
proponente:congreso
grupo parlamentario:perú posible
título:discapacidad:no discriminación e igualdad de oportunidades 
sumilla:  propone establecer medidas para garantizar",2001-2006,2025-09-17T20:10:37.122193
no discriminación,['no discriminación'],"https://www2.congreso.gob.pe/Sicr/TraDocEstProc/CLProLey2001.nsf/e7414acd4ff8d62b05256cdf006c92bb/f65915acb265d6f105256d24007a982e?OpenDocument&Highlight=0,no,discriminaci%C3%B3n",REFORMA CONST:2/DERECHO A NO DISCRIMINACIÓN POR EDAD,02958,22/05/2002,Orden del Día,"Propone modificar el artículo 2° inciso 2 de la Constitución Política, referido al derecho de la no discriminación por razón de edad.",Rengifo Ruiz  Wilmer,Congreso,Constitución Reglamento y Acusaciones Constitucionales; Constitución y Reglamento,Periodo de Gobierno 2001- 2006,Segunda Legislatura Ordinaria 2001,"ón:22/05/2002
proponente:congreso
grupo parlamentario:perú posible
título:reforma const:2/derecho a no discriminación por edad 
sumilla:  propone modificar el artículo 2° inciso 2 de la constitución p",2001-2006,2025-09-17T20:10:38.866171
no discriminación,['no discriminación'],"https://www2.congreso.gob.pe/Sicr/TraDocEstProc/CLProLey2001.nsf/e7414acd4ff8d62b05256cdf006c92bb/49a0d615396b10fb05256d24007a9706?OpenDocument&Highlight=0,no,discriminaci%C3%B3n",DERECHO:NO DISCRIMINACIÓN/GARANTIZA EJERCICIO DE...,02826,13/05/2002,Archivo,Propone garantizar el ejercicio del derecho a la no discriminación.,Chuquival Saavedra  Enith,Congreso,Constitución Reglamento y Acusaciones Constitucionales; Constitución y Reglamento,Periodo de Gobierno 2001- 2006,Segunda Legislatura Ordinaria 2001,"6 fecha presentación:13/05/2002
proponente:congreso
grupo parlamentario:perú posible
título:derecho:no discriminación/garantiza ejercicio de... 
sumilla:  propone garantizar el ejercicio del derecho a",2001-2006,2025-09-17T20:10:40.480747
no discriminación,['no discriminación'],"https://www2.congreso.gob.pe/Sicr/TraDocEstProc/CLProLey2001.nsf/e7414acd4ff8d62b05256cdf006c92bb/24c230279bc28ff905256d24007a96f9?OpenDocument&Highlight=0,no,discriminaci%C3%B3n",AÑO:2003/NO DISCRIMINACIÓN PERSONA CON DISCAPACIDAD,02820,13/05/2002,Archivo,"Propone declarar el año 2003 como ""Año de la No Discriminación de las Personas con Discapacidad"".",Diez Canseco Cisneros  Javier,Congreso,Salud Población Familia y Personas con Discapacidad,Periodo de Gobierno 2001- 2006,Segunda Legislatura Ordinaria 2001,"/05/2002
proponente:congreso
grupo parlamentario:unión parlamentaria descentralista
título:año:2003/no discriminación persona con discapacidad 
sumilla:  propone declarar el año 2003 como ""año de la n",2001-2006,2025-09-17T20:10:42.104119
no discriminación,['no discriminación'],"https://www2.congreso.gob.pe/Sicr/TraDocEstProc/CLProLey2001.nsf/e7414acd4ff8d62b05256cdf006c92bb/698a4f74ac5f0e6d05256d24007a8d21?OpenDocument&Highlight=0,no,discriminaci%C3%B3n",DISCAPACIDAD:INTELECTUAL/NO DISCRIMINACIÓN NIÑOS-JÓVENES,01439,29/11/2001,Publicado El Peruano,Propone eliminar la discriminación de los niños y jóvenes con discapacidad intelectual en programas de salud y alimentación a cargo del Estado.,Chávez Chuchón  Héctor Hugo,Congreso,Salud Población Familia y Personas con Discapacidad; Mujer y Desarrollo Humano,Periodo de Gobierno 2001- 2006,Primera Legislatura Ordinaria 2001,":29/11/2001
proponente:congreso
grupo parlamentario:unidad nacional
título:discapacidad:intelectual/no discriminación niños-jóvenes 
sumilla:  propone eliminar la discriminación de los niños y jóvenes",2001-2006,2025-09-17T20:10:43.732627
no discriminación,['no discriminación'],"https://www2.congreso.gob.pe/Sicr/TraDocEstProc/CLProLey2001.nsf/e7414acd4ff8d62b05256cdf006c92bb/6c6b9d0840bba45505256d24007a897f?OpenDocument&Highlight=0,no,discriminaci%C3%B3n",REMUNERACIONES:NO DISCRIMINACIÓN GOCE GRATIFICACIONES,00919,04/10/2001,En comisión,"Propone establecer criterios de igualdad de aguinaldo de trabajadores del sector público, con los que perciben trabajadores del sector privado.","Flores-Aráoz Esparza  Antero,Negreiros Criado  Luis",Congreso,Trabajo; Economía; Presupuesto y Cuenta General de la República; Constitución Reglamento y Acusaciones Constitucionales,Periodo de Gobierno 2001- 2006,Primera Legislatura Ordinaria 2001,"ntación:04/10/2001
proponente:congreso
grupo parlamentario:multiparlamentario
título:remuneraciones:no discriminación goce gratificaciones 
sumilla:  propone establecer criterios de igualdad de aguina",2001-2006,2025-09-17T20:10:45.370676
cambio de nombre,[],"https://www2.congreso.gob.pe/Sicr/TraDocEstProc/CLProLey2001.nsf/e7414acd4ff8d62b05256cdf006c92bb/154d5afa6279939f05256f2c000156b9?OpenDocument&Highlight=0,cambio,de,nombre",REGL.CONGRESO:35/CAMBIO DE DENOMINACIÓN COM.DE AMAZONÍA,11668/2004-CR,12/10/2004,En comisión,"Propone modificar el artículo 35° inciso a) numeral 3 del Reglamento del Congreso de la República, referente a la modificación del nombre de la Comisión de Amazonía, Asuntos Indígenas y Afroperuanos por el de Comisión de Pueblos Andinos, Amazónicos y Afroperuanos.",Moyano Delgado  Martha Lupe,Congreso,Constitución y Reglamento,Periodo de Gobierno 2001- 2006,Primera Legislatura Ordinaria 2004,"


seguimiento
>

>







ficha de seguimiento, ""proyecto de ley 11668/2004-cr ""
.
 ver expediente digital  


período:periodo de gobierno 2001- 2006.legislatura:primera legislatura ordinaria 2004
nú",2001-2006,2025-09-17T20:10:49.771555
cambio de nombre,['cambio de nombre'],"https://www2.congreso.gob.pe/Sicr/TraDocEstProc/CLProLey2001.nsf/e7414acd4ff8d62b05256cdf006c92bb/b3b4ea454371963605256f11005ce506?OpenDocument&Highlight=0,cambio,de,nombre",AGUAS:VERDES/CAMBIO DE NOMBRE A DISTRITO FRONTERIZO DE...,11451/2004-GL,16/09/2004,Dictamen Negativo,Propone modificar el nombre del Distrito de Aguas Verdes a Distrito Fronterizo de Aguas Verdes.(MUNICIPALIDAD DISTRITAL DE AGUAS VERDES).,,Municipalidades,Descentralización  Regionalización y Modernización de la Gestión del Estado; Gobiernos Locales,Periodo de Gobierno 2001- 2006,Primera Legislatura Ordinaria 2004,"l fecha presentación:16/09/2004
proponente:municipalidades
grupo parlamentario:
título:aguas:verdes/cambio de nombre a distrito fronterizo de... 
sumilla:  propone modificar el nombre del distrito de",2001-2006,2025-09-17T20:10:51.408131
cambio de nombre,[],"https://www2.congreso.gob.pe/Sicr/TraDocEstProc/CLProLey2001.nsf/e7414acd4ff8d62b05256cdf006c92bb/04a283c3a07d9a0505256dcd0077d69e?OpenDocument&Highlight=0,cambio,de,nombre",RENIEC:TRÁMITE DE CAMBIO DE SEXO Y/O NOMBRE,08752,27/10/2003,Archivo,"Propone precisar en sede judicial, el trámite de las pretensiones referidas a cambio de sexo y/o nombre.",,Registro Nacional de Identificación y Estado Civil,Constitución Reglamento y Acusaciones Constitucionales; Constitución y Reglamento,Periodo de Gobierno 2001- 2006,Primera Legislatura Ordinaria 2003,"


seguimiento
>

>







ficha de seguimiento, ""proyecto de ley 08752 ""
.
 ver expediente digital  


período:periodo de gobierno 2001- 2006.legislatura:primera legislatura ordinaria 2003
número:087",2001-2006,2025-09-17T20:10:53.034280
cambio de nombre,[],"https://www2.congreso.gob.pe/Sicr/TraDocEstProc/CLProLey2001.nsf/e7414acd4ff8d62b05256cdf006c92bb/39775508ef12b5ec05256db0007a0dd0?OpenDocument&Highlight=0,cambio,de,nombre",FEDADOI:COMPENSACIONES PECUNIARIAS VÍCTIMAS DE TERRORISMO,08362,26/09/2003,Publicado El Peruano,Propone establecer un Sistema de Reparaciones a nombre de la Nación con recursos del FEDADOI para las familias de los caídos en el combate contra el terrorismo.,Moyano Delgado  Martha Lupe,Congreso,Justicia y Derechos Humanos,Periodo de Gobierno 2001- 2006,Primera Legislatura Ordinaria 2003,"


seguimiento
>

>







ficha de seguimiento, ""proyecto de ley 08362 ""
.
ver documentos de ley relacionados


período:periodo de gobierno 2001- 2006.legislatura:primera legislatura ordinaria 2003
n",2001-2006,2025-09-17T20:10:54.661823
cambio de nombre,[],"https://www2.congreso.gob.pe/Sicr/TraDocEstProc/CLProLey2001.nsf/e7414acd4ff8d62b05256cdf006c92bb/591a066be73493a105256d24007a9a3a?OpenDocument&Highlight=0,cambio,de,nombre",ELECTRICIDAD:ACCIONES DE EMPRESAS ELÉCT.A GOB.REGIONALES,03245,21/06/2002,En comisión,"Propone transferir a favor de los Gobiernos Regionales, en la proporción que corresponda, la totalidad de acciones del Estado que actualmente están a nombre del FONAFE en todas las empresas regionales eléctricas.",Diez Canseco Cisneros  Javier,Congreso,Economía; Energía y Minas,Periodo de Gobierno 2001- 2006,Segunda Legislatura Ordinaria 2001,"


seguimiento
>

>







ficha de seguimiento, ""proyecto de ley 03245 ""
.
 ver expediente digital  


período:periodo de gobierno 2001- 2006.legislatura:segunda legislatura ordinaria 2001
número:032",2001-2006,2025-09-17T20:10:56.603614
cambio de nombre,[],"https://www2.congreso.gob.pe/Sicr/TraDocEstProc/CLProLey2001.nsf/e7414acd4ff8d62b05256cdf006c92bb/03f841c05c2f8fe705256d24007a941e?OpenDocument&Highlight=0,cambio,de,nombre","CÓD.CIVIL:19,20,21/GARANTIZA EL DERECHO AL NOMBRE",02412,02/04/2002,Publicado El Peruano,"Propone modificar los artículos 19°, 20° y 21° del Código Civil, los cuales garantizan el derecho al nombre.",Moyano Delgado  Martha Lupe,Congreso,Justicia; Mujer y Desarrollo Social; Justicia y Derechos Humanos,Periodo de Gobierno 2001- 2006,Segunda Legislatura Ordinaria 2001,"


seguimiento
>

>







ficha de seguimiento, ""proyecto de ley 02412 ""
.
 ver expediente digital  


período:periodo de gobierno 2001- 2006.legislatura:segunda legislatura ordinaria 2001
número:024",2001-2006,2025-09-17T20:10:58.222889
cambio de nombre,[],"https://www2.congreso.gob.pe/Sicr/TraDocEstProc/CLProLey2001.nsf/e7414acd4ff8d62b05256cdf006c92bb/e35a87a73c830ea305256d24007a941c?OpenDocument&Highlight=0,cambio,de,nombre",ESSALUD:CAMBIO DENOMINACIÓN NO GENERA GASTO AL ESTADO,02411,01/04/2002,Archivo,Propone establecer que cualquier cambio que se efectúe en la denominación o nombre al Seguro Social de Salud (ESSALUD) no deberá generar o irrogar gasto alguno al erario nacional.,Barrón Cebreros  Xavier,Congreso,Seguridad Social,Periodo de Gobierno 2001- 2006,Segunda Legislatura Ordinaria 2001,"


seguimiento
>

>







ficha de seguimiento, ""proyecto de ley 02411 ""
.
 ver expediente digital  


período:periodo de gobierno 2001- 2006.legislatura:segunda legislatura ordinaria 2001
número:024",2001-2006,2025-09-17T20:11:00.155678
rectificación de nombre,[],"https://www2.congreso.gob.pe/Sicr/TraDocEstProc/CLProLey2001.nsf/e7414acd4ff8d62b05256cdf006c92bb/31271b1bef59e8210525702a007e15d8?OpenDocument&Highlight=0,rectificaci%C3%B3n,de,nombre",DISTRITO:DE AYAUCA/RECTIFICACIÓN POR ALLAUCA,13276/2004-GL,24/06/2005,En comisión,"Propone rectificar el texto de la Ley Regional N° 224, sustituyendo el nombre del distrito de Ayauca por la correcta denominación de Allauca, perteneciente a la provincia de Yauyos.",,Municipalidades,Descentralización  Regionalización y Modernización de la Gestión del Estado,Periodo de Gobierno 2001- 2006,Segunda Legislatura Ordinaria 2004,"


seguimiento
>

>







ficha de seguimiento, ""proyecto de ley 13276/2004-gl ""
.
 ver expediente digital  


período:periodo de gobierno 2001- 2006.legislatura:segunda legislatura ordinaria 2004
nú",2001-2006,2025-09-17T20:11:04.601668
